Product,GEO,Gender,scene_1_lipsync,scene_2_lipsync,scene_3_lipsync,BRoll,Endcard,BROLL S3,ENDCARD S3
60_de_regalo,MLM,male,https://s3.us-east-2.amazonaws.com/meli-ai.filmmaker/MP-Users/MLM_NEW/12_60_de_regalo-MLM-male/12_60_de_regalo-MLM-male_scene_1_lipsync.mp4,https://s3.us-east-2.amazonaws.com/meli-ai.filmmaker/MP-Users/MLM_NEW/12_60_de_regalo-MLM-male/12_60_de_regalo-MLM-male_scene_2_lipsync.mp4,https://s3.us-east-2.amazonaws.com/meli-ai.filmmaker/MP-Users/MLM_NEW/12_60_de_regalo-MLM-male/12_60_de_regalo-MLM-male_scene_3_lipsync.mp4,https://drive.google.com/file/d/1uj6VliPxMOw7GqxTMD1HkMrHBTm8yedV/view?usp=drive_link,https://drive.google.com/file/d/1XxdP69DTnoppVCaGAblbNzFJqjGI3PXr/view?usp=drive_link,https://s3.us-east-2.amazonaws.com/meli-ai.filmmaker/MP-Users/Assets/60-PESOS-REGALO-MLM.mov,https://s3.us-east-2.amazonaws.com/meli-ai.filmmaker/MP-Users/Assets/MLM-%20Ahorra%20con%20tu%20cuenta%20digital%20.mov
60_de_regalo,MLM,male,https://s3.us-east-2.amazonaws.com/meli-ai.filmmaker/MP-Users/MLM_NEW/178_60_de_regalo-MLM-male/178_60_de_regalo-MLM-male_scene_1_lipsync.mp4,https://s3.us-east-2.amazonaws.com/meli-ai.filmmaker/MP-Users/MLM_NEW/178_60_de_regalo-MLM-male/178_60_de_regalo-MLM-male_scene_2_lipsync.mp4,https://s3.us-east-2.amazonaws.com/meli-ai.filmmaker/MP-Users/MLM_NEW/178_60_de_regalo-MLM-male/178_60_de_regalo-MLM-male_scene_3_lipsync.mp4,https://drive.google.com/file/d/1uj6VliPxMOw7GqxTMD1HkMrHBTm8yedV/view?usp=drive_link,https://drive.google.com/file/d/1XxdP69DTnoppVCaGAblbNzFJqjGI3PXr/view?usp=drive_link,https://s3.us-east-2.amazonaws.com/meli-ai.filmmaker/MP-Users/Assets/60-PESOS-REGALO-MLM.mov,https://s3.us-east-2.amazonaws.com/meli-ai.filmmaker/MP-Users/Assets/MLM-%20Ahorra%20con%20tu%20cuenta%20digital%20.mov
60_de_regalo,MLM,female,https://s3.us-east-2.amazonaws.com/meli-ai.filmmaker/MP-Users/MLM_NEW/179_60_de_regalo-MLM-female/179_60_de_regalo-MLM-female_scene_1_lipsync.mp4,https://s3.us-east-2.amazonaws.com/meli-ai.filmmaker/MP-Users/MLM_NEW/179_60_de_regalo-MLM-female/179_60_de_regalo-MLM-female_scene_2_lipsync.mp4,https://s3.us-east-2.amazonaws.com/meli-ai.filmmaker/MP-Users/MLM_NEW/179_60_de_regalo-MLM-female/179_60_de_regalo-MLM-female_scene_3_lipsync.mp4,https://drive.google.com/file/d/1uj6VliPxMOw7GqxTMD1HkMrHBTm8yedV/view?usp=drive_link,https://drive.google.com/file/d/1XxdP69DTnoppVCaGAblbNzFJqjGI3PXr/view?usp=drive_link,https://s3.us-east-2.amazonaws.com/meli-ai.filmmaker/MP-Users/Assets/60-PESOS-REGALO-MLM.mov,https://s3.us-east-2.amazonaws.com/meli-ai.filmmaker/MP-Users/Assets/MLM-%20Ahorra%20con%20tu%20cuenta%20digital%20.mov
60_de_regalo,MLM,female,https://s3.us-east-2.amazonaws.com/meli-ai.filmmaker/MP-Users/MLM_NEW/180_60_de_regalo-MLM-female/180_60_de_regalo-MLM-female_scene_1_lipsync.mp4,https://s3.us-east-2.amazonaws.com/meli-ai.filmmaker/MP-Users/MLM_NEW/180_60_de_regalo-MLM-female/180_60_de_regalo-MLM-female_scene_2_lipsync.mp4,https://s3.us-east-2.amazonaws.com/meli-ai.filmmaker/MP-Users/MLM_NEW/180_60_de_regalo-MLM-female/180_60_de_regalo-MLM-female_scene_3_lipsync.mp4,https://drive.google.com/file/d/1uj6VliPxMOw7GqxTMD1HkMrHBTm8yedV/view?usp=drive_link,https://drive.google.com/file/d/1XxdP69DTnoppVCaGAblbNzFJqjGI3PXr/view?usp=drive_link,https://s3.us-east-2.amazonaws.com/meli-ai.filmmaker/MP-Users/Assets/60-PESOS-REGALO-MLM.mov,https://s3.us-east-2.amazonaws.com/meli-ai.filmmaker/MP-Users/Assets/MLM-%20Ahorra%20con%20tu%20cuenta%20digital%20.mov
60_de_regalo,MLM,male,https://s3.us-east-2.amazonaws.com/meli-ai.filmmaker/MP-Users/MLM_NEW/182_60_de_regalo-MLM-male/182_60_de_regalo-MLM-male_scene_1_lipsync.mp4,https://s3.us-east-2.amazonaws.com/meli-ai.filmmaker/MP-Users/MLM_NEW/182_60_de_regalo-MLM-male/182_60_de_regalo-MLM-male_scene_2_lipsync.mp4,https://s3.us-east-2.amazonaws.com/meli-ai.filmmaker/MP-Users/MLM_NEW/182_60_de_regalo-MLM-male/182_60_de_regalo-MLM-male_scene_3_lipsync.mp4,https://drive.google.com/file/d/1uj6VliPxMOw7GqxTMD1HkMrHBTm8yedV/view?usp=drive_link,https://drive.google.com/file/d/1XxdP69DTnoppVCaGAblbNzFJqjGI3PXr/view?usp=drive_link,https://s3.us-east-2.amazonaws.com/meli-ai.filmmaker/MP-Users/Assets/60-PESOS-REGALO-MLM.mov,https://s3.us-east-2.amazonaws.com/meli-ai.filmmaker/MP-Users/Assets/MLM-%20Ahorra%20con%20tu%20cuenta%20digital%20.mov
60_de_regalo,MLM,female,https://s3.us-east-2.amazonaws.com/meli-ai.filmmaker/MP-Users/MLM_NEW/185_60_de_regalo-MLM-female/185_60_de_regalo-MLM-female_scene_1_lipsync.mp4,https://s3.us-east-2.amazonaws.com/meli-ai.filmmaker/MP-Users/MLM_NEW/185_60_de_regalo-MLM-female/185_60_de_regalo-MLM-female_scene_2_lipsync.mp4,https://s3.us-east-2.amazonaws.com/meli-ai.filmmaker/MP-Users/MLM_NEW/185_60_de_regalo-MLM-female/185_60_de_regalo-MLM-female_scene_3_lipsync.mp4,https://drive.google.com/file/d/1uj6VliPxMOw7GqxTMD1HkMrHBTm8yedV/view?usp=drive_link,https://drive.google.com/file/d/1XxdP69DTnoppVCaGAblbNzFJqjGI3PXr/view?usp=drive_link,https://s3.us-east-2.amazonaws.com/meli-ai.filmmaker/MP-Users/Assets/60-PESOS-REGALO-MLM.mov,https://s3.us-east-2.amazonaws.com/meli-ai.filmmaker/MP-Users/Assets/MLM-%20Ahorra%20con%20tu%20cuenta%20digital%20.mov
cuenta_pro,MLM,female,https://s3.us-east-2.amazonaws.com/meli-ai.filmmaker/MP-Users/MLM_NEW/16_cuenta_pro-MLM-female/16_cuenta_pro-MLM-female_scene_1_lipsync.mp4,https://s3.us-east-2.amazonaws.com/meli-ai.filmmaker/MP-Users/MLM_NEW/16_cuenta_pro-MLM-female/16_cuenta_pro-MLM-female_scene_2_lipsync.mp4,https://s3.us-east-2.amazonaws.com/meli-ai.filmmaker/MP-Users/MLM_NEW/16_cuenta_pro-MLM-female/16_cuenta_pro-MLM-female_scene_3_lipsync.mp4,https://drive.google.com/file/d/1XjzSydTHGpbvzIFaa1N6Eya67dkiVxxj/view?usp=drive_link,https://drive.google.com/file/d/1hOA-P2lZTNvGOP0Rdm0oul-Iec5yB78M/view?usp=drive_link,https://s3.us-east-2.amazonaws.com/meli-ai.filmmaker/MP-Users/Assets/GANANCIAS-DIARIAS-MLM.mov,https://s3.us-east-2.amazonaws.com/meli-ai.filmmaker/MP-Users/Assets/MLM-%20Activa%20tus%20ganancias.mov
cuenta_pro,MLM,female,https://s3.us-east-2.amazonaws.com/meli-ai.filmmaker/MP-Users/MLM_NEW/194_cuenta_pro-MLM-female/194_cuenta_pro-MLM-female_scene_1_lipsync.mp4,https://s3.us-east-2.amazonaws.com/meli-ai.filmmaker/MP-Users/MLM_NEW/194_cuenta_pro-MLM-female/194_cuenta_pro-MLM-female_scene_2_lipsync.mp4,https://s3.us-east-2.amazonaws.com/meli-ai.filmmaker/MP-Users/MLM_NEW/194_cuenta_pro-MLM-female/194_cuenta_pro-MLM-female_scene_3_lipsync.mp4,https://drive.google.com/file/d/1XjzSydTHGpbvzIFaa1N6Eya67dkiVxxj/view?usp=drive_link,https://drive.google.com/file/d/1hOA-P2lZTNvGOP0Rdm0oul-Iec5yB78M/view?usp=drive_link,https://s3.us-east-2.amazonaws.com/meli-ai.filmmaker/MP-Users/Assets/GANANCIAS-DIARIAS-MLM.mov,https://s3.us-east-2.amazonaws.com/meli-ai.filmmaker/MP-Users/Assets/MLM-%20Activa%20tus%20ganancias.mov
cuenta_pro,MLM,male,https://s3.us-east-2.amazonaws.com/meli-ai.filmmaker/MP-Users/MLM_NEW/198_cuenta_pro-MLM-male/198_cuenta_pro-MLM-male_scene_1_lipsync.mp4,https://s3.us-east-2.amazonaws.com/meli-ai.filmmaker/MP-Users/MLM_NEW/198_cuenta_pro-MLM-male/198_cuenta_pro-MLM-male_scene_2_lipsync.mp4,https://s3.us-east-2.amazonaws.com/meli-ai.filmmaker/MP-Users/MLM_NEW/198_cuenta_pro-MLM-male/198_cuenta_pro-MLM-male_scene_3_lipsync.mp4,https://drive.google.com/file/d/1XjzSydTHGpbvzIFaa1N6Eya67dkiVxxj/view?usp=drive_link,https://drive.google.com/file/d/1hOA-P2lZTNvGOP0Rdm0oul-Iec5yB78M/view?usp=drive_link,https://s3.us-east-2.amazonaws.com/meli-ai.filmmaker/MP-Users/Assets/GANANCIAS-DIARIAS-MLM.mov,https://s3.us-east-2.amazonaws.com/meli-ai.filmmaker/MP-Users/Assets/MLM-%20Activa%20tus%20ganancias.mov
cuenta_pro,MLM,male,https://s3.us-east-2.amazonaws.com/meli-ai.filmmaker/MP-Users/MLM_NEW/200_cuenta_pro-MLM-male/200_cuenta_pro-MLM-male_scene_1_lipsync.mp4,https://s3.us-east-2.amazonaws.com/meli-ai.filmmaker/MP-Users/MLM_NEW/200_cuenta_pro-MLM-male/200_cuenta_pro-MLM-male_scene_2_lipsync.mp4,https://s3.us-east-2.amazonaws.com/meli-ai.filmmaker/MP-Users/MLM_NEW/200_cuenta_pro-MLM-male/200_cuenta_pro-MLM-male_scene_3_lipsync.mp4,https://drive.google.com/file/d/1XjzSydTHGpbvzIFaa1N6Eya67dkiVxxj/view?usp=drive_link,https://drive.google.com/file/d/1hOA-P2lZTNvGOP0Rdm0oul-Iec5yB78M/view?usp=drive_link,https://s3.us-east-2.amazonaws.com/meli-ai.filmmaker/MP-Users/Assets/GANANCIAS-DIARIAS-MLM.mov,https://s3.us-east-2.amazonaws.com/meli-ai.filmmaker/MP-Users/Assets/MLM-%20Activa%20tus%20ganancias.mov
cuenta_pro,MLM,female,https://s3.us-east-2.amazonaws.com/meli-ai.filmmaker/MP-Users/MLM_NEW/202_cuenta_pro-MLM-female/202_cuenta_pro-MLM-female_scene_1_lipsync.mp4,https://s3.us-east-2.amazonaws.com/meli-ai.filmmaker/MP-Users/MLM_NEW/202_cuenta_pro-MLM-female/202_cuenta_pro-MLM-female_scene_2_lipsync.mp4,https://s3.us-east-2.amazonaws.com/meli-ai.filmmaker/MP-Users/MLM_NEW/202_cuenta_pro-MLM-female/202_cuenta_pro-MLM-female_scene_3_lipsync.mp4,https://drive.google.com/file/d/1XjzSydTHGpbvzIFaa1N6Eya67dkiVxxj/view?usp=drive_link,https://drive.google.com/file/d/1hOA-P2lZTNvGOP0Rdm0oul-Iec5yB78M/view?usp=drive_link,https://s3.us-east-2.amazonaws.com/meli-ai.filmmaker/MP-Users/Assets/GANANCIAS-DIARIAS-MLM.mov,https://s3.us-east-2.amazonaws.com/meli-ai.filmmaker/MP-Users/Assets/MLM-%20Activa%20tus%20ganancias.mov
cuenta_pro,MLM,female,https://s3.us-east-2.amazonaws.com/meli-ai.filmmaker/MP-Users/MLM_NEW/203_cuenta_pro-MLM-female/203_cuenta_pro-MLM-female_scene_1_lipsync.mp4,https://s3.us-east-2.amazonaws.com/meli-ai.filmmaker/MP-Users/MLM_NEW/203_cuenta_pro-MLM-female/203_cuenta_pro-MLM-female_scene_2_lipsync.mp4,https://s3.us-east-2.amazonaws.com/meli-ai.filmmaker/MP-Users/MLM_NEW/203_cuenta_pro-MLM-female/203_cuenta_pro-MLM-female_scene_3_lipsync.mp4,https://drive.google.com/file/d/1XjzSydTHGpbvzIFaa1N6Eya67dkiVxxj/view?usp=drive_link,https://drive.google.com/file/d/1hOA-P2lZTNvGOP0Rdm0oul-Iec5yB78M/view?usp=drive_link,https://s3.us-east-2.amazonaws.com/meli-ai.filmmaker/MP-Users/Assets/GANANCIAS-DIARIAS-MLM.mov,https://s3.us-east-2.amazonaws.com/meli-ai.filmmaker/MP-Users/Assets/MLM-%20Activa%20tus%20ganancias.mov
paga_tus_servicios,MLM,male,https://s3.us-east-2.amazonaws.com/meli-ai.filmmaker/MP-Users/MLM_NEW/10_paga_tus_servicios-MLM-male/10_paga_tus_servicios-MLM-male_scene_1_lipsync.mp4,https://s3.us-east-2.amazonaws.com/meli-ai.filmmaker/MP-Users/MLM_NEW/10_paga_tus_servicios-MLM-male/10_paga_tus_servicios-MLM-male_scene_2_lipsync.mp4,https://s3.us-east-2.amazonaws.com/meli-ai.filmmaker/MP-Users/MLM_NEW/10_paga_tus_servicios-MLM-male/10_paga_tus_servicios-MLM-male_scene_3_lipsync.mp4,https://drive.google.com/file/d/1v2UvLMLiSNPVKFA4ny63pcPiZefy-yw8/view?usp=drive_link,https://drive.google.com/file/d/1XxdP69DTnoppVCaGAblbNzFJqjGI3PXr/view?usp=drive_link,https://s3.us-east-2.amazonaws.com/meli-ai.filmmaker/MP-Users/Assets/INGRESO-APP-MLM.mov,https://s3.us-east-2.amazonaws.com/meli-ai.filmmaker/MP-Users/Assets/MLM-%20Ahorra%20con%20tu%20cuenta%20digital%20.mov
paga_tus_servicios,MLM,female,https://s3.us-east-2.amazonaws.com/meli-ai.filmmaker/MP-Users/MLM_NEW/169_paga_tus_servicios-MLM-female/169_paga_tus_servicios-MLM-female_scene_1_lipsync.mp4,https://s3.us-east-2.amazonaws.com/meli-ai.filmmaker/MP-Users/MLM_NEW/169_paga_tus_servicios-MLM-female/169_paga_tus_servicios-MLM-female_scene_2_lipsync.mp4,https://s3.us-east-2.amazonaws.com/meli-ai.filmmaker/MP-Users/MLM_NEW/169_paga_tus_servicios-MLM-female/169_paga_tus_servicios-MLM-female_scene_3_lipsync.mp4,https://drive.google.com/file/d/1v2UvLMLiSNPVKFA4ny63pcPiZefy-yw8/view?usp=drive_link,https://drive.google.com/file/d/1XxdP69DTnoppVCaGAblbNzFJqjGI3PXr/view?usp=drive_link,https://s3.us-east-2.amazonaws.com/meli-ai.filmmaker/MP-Users/Assets/INGRESO-APP-MLM.mov,https://s3.us-east-2.amazonaws.com/meli-ai.filmmaker/MP-Users/Assets/MLM-%20Ahorra%20con%20tu%20cuenta%20digital%20.mov
paga_tus_servicios,MLM,male,https://s3.us-east-2.amazonaws.com/meli-ai.filmmaker/MP-Users/MLM_NEW/170_paga_tus_servicios-MLM-male/170_paga_tus_servicios-MLM-male_scene_1_lipsync.mp4,https://s3.us-east-2.amazonaws.com/meli-ai.filmmaker/MP-Users/MLM_NEW/170_paga_tus_servicios-MLM-male/170_paga_tus_servicios-MLM-male_scene_2_lipsync.mp4,https://s3.us-east-2.amazonaws.com/meli-ai.filmmaker/MP-Users/MLM_NEW/170_paga_tus_servicios-MLM-male/170_paga_tus_servicios-MLM-male_scene_3_lipsync.mp4,https://drive.google.com/file/d/1v2UvLMLiSNPVKFA4ny63pcPiZefy-yw8/view?usp=drive_link,https://drive.google.com/file/d/1XxdP69DTnoppVCaGAblbNzFJqjGI3PXr/view?usp=drive_link,https://s3.us-east-2.amazonaws.com/meli-ai.filmmaker/MP-Users/Assets/INGRESO-APP-MLM.mov,https://s3.us-east-2.amazonaws.com/meli-ai.filmmaker/MP-Users/Assets/MLM-%20Ahorra%20con%20tu%20cuenta%20digital%20.mov
paga_tus_servicios,MLM,male,https://s3.us-east-2.amazonaws.com/meli-ai.filmmaker/MP-Users/MLM_NEW/171_paga_tus_servicios-MLM-male/171_paga_tus_servicios-MLM-male_scene_1_lipsync.mp4,https://s3.us-east-2.amazonaws.com/meli-ai.filmmaker/MP-Users/MLM_NEW/171_paga_tus_servicios-MLM-male/171_paga_tus_servicios-MLM-male_scene_2_lipsync.mp4,https://s3.us-east-2.amazonaws.com/meli-ai.filmmaker/MP-Users/MLM_NEW/171_paga_tus_servicios-MLM-male/171_paga_tus_servicios-MLM-male_scene_3_lipsync.mp4,https://drive.google.com/file/d/1v2UvLMLiSNPVKFA4ny63pcPiZefy-yw8/view?usp=drive_link,https://drive.google.com/file/d/1XxdP69DTnoppVCaGAblbNzFJqjGI3PXr/view?usp=drive_link,https://s3.us-east-2.amazonaws.com/meli-ai.filmmaker/MP-Users/Assets/INGRESO-APP-MLM.mov,https://s3.us-east-2.amazonaws.com/meli-ai.filmmaker/MP-Users/Assets/MLM-%20Ahorra%20con%20tu%20cuenta%20digital%20.mov
paga_tus_servicios,MLM,male,https://s3.us-east-2.amazonaws.com/meli-ai.filmmaker/MP-Users/MLM_NEW/173_paga_tus_servicios-MLM-male/173_paga_tus_servicios-MLM-male_scene_1_lipsync.mp4,https://s3.us-east-2.amazonaws.com/meli-ai.filmmaker/MP-Users/MLM_NEW/173_paga_tus_servicios-MLM-male/173_paga_tus_servicios-MLM-male_scene_2_lipsync.mp4,https://s3.us-east-2.amazonaws.com/meli-ai.filmmaker/MP-Users/MLM_NEW/173_paga_tus_servicios-MLM-male/173_paga_tus_servicios-MLM-male_scene_3_lipsync.mp4,https://drive.google.com/file/d/1v2UvLMLiSNPVKFA4ny63pcPiZefy-yw8/view?usp=drive_link,https://drive.google.com/file/d/1XxdP69DTnoppVCaGAblbNzFJqjGI3PXr/view?usp=drive_link,https://s3.us-east-2.amazonaws.com/meli-ai.filmmaker/MP-Users/Assets/INGRESO-APP-MLM.mov,https://s3.us-east-2.amazonaws.com/meli-ai.filmmaker/MP-Users/Assets/MLM-%20Ahorra%20con%20tu%20cuenta%20digital%20.mov
participa_por_50_000,MLM,female,https://s3.us-east-2.amazonaws.com/meli-ai.filmmaker/MP-Users/MLM_NEW/160_participa_por_50_000-MLM-female/160_participa_por_50_000-MLM-female_scene_1_lipsync.mp4,https://s3.us-east-2.amazonaws.com/meli-ai.filmmaker/MP-Users/MLM_NEW/160_participa_por_50_000-MLM-female/160_participa_por_50_000-MLM-female_scene_2_lipsync.mp4,https://s3.us-east-2.amazonaws.com/meli-ai.filmmaker/MP-Users/MLM_NEW/160_participa_por_50_000-MLM-female/160_participa_por_50_000-MLM-female_scene_3_lipsync.mp4,https://drive.google.com/file/d/1v2UvLMLiSNPVKFA4ny63pcPiZefy-yw8/view?usp=drive_link,https://drive.google.com/file/d/1ONyYAdqCETU9tWkPdWBFFm4rVmI2vHuP/view?usp=drive_link,https://s3.us-east-2.amazonaws.com/meli-ai.filmmaker/MP-Users/Assets/INGRESO-APP-MLM.mov,https://s3.us-east-2.amazonaws.com/meli-ai.filmmaker/MP-Users/Assets/MLM-%20Participa%20ahora.mov
participa_por_50_00o,MLM,male,https://s3.us-east-2.amazonaws.com/meli-ai.filmmaker/MP-Users/MLM_NEW/161_participa_por_50_00o-MLM-male/161_participa_por_50_00o-MLM-male_scene_1_lipsync.mp4,https://s3.us-east-2.amazonaws.com/meli-ai.filmmaker/MP-Users/MLM_NEW/161_participa_por_50_00o-MLM-male/161_participa_por_50_00o-MLM-male_scene_2_lipsync.mp4,https://s3.us-east-2.amazonaws.com/meli-ai.filmmaker/MP-Users/MLM_NEW/161_participa_por_50_00o-MLM-male/161_participa_por_50_00o-MLM-male_scene_3_lipsync.mp4,https://drive.google.com/file/d/1v2UvLMLiSNPVKFA4ny63pcPiZefy-yw8/view?usp=drive_link,https://drive.google.com/file/d/1ONyYAdqCETU9tWkPdWBFFm4rVmI2vHuP/view?usp=drive_link,https://s3.us-east-2.amazonaws.com/meli-ai.filmmaker/MP-Users/Assets/INGRESO-APP-MLM.mov,https://s3.us-east-2.amazonaws.com/meli-ai.filmmaker/MP-Users/Assets/MLM-%20Participa%20ahora.mov
participa_por_50_00o,MLM,male,https://s3.us-east-2.amazonaws.com/meli-ai.filmmaker/MP-Users/MLM_NEW/163_participa_por_50_00o-MLM-male/163_participa_por_50_00o-MLM-male_scene_1_lipsync.mp4,https://s3.us-east-2.amazonaws.com/meli-ai.filmmaker/MP-Users/MLM_NEW/163_participa_por_50_00o-MLM-male/163_participa_por_50_00o-MLM-male_scene_2_lipsync.mp4,https://s3.us-east-2.amazonaws.com/meli-ai.filmmaker/MP-Users/MLM_NEW/163_participa_por_50_00o-MLM-male/163_participa_por_50_00o-MLM-male_scene_3_lipsync.mp4,https://drive.google.com/file/d/1v2UvLMLiSNPVKFA4ny63pcPiZefy-yw8/view?usp=drive_link,https://drive.google.com/file/d/1ONyYAdqCETU9tWkPdWBFFm4rVmI2vHuP/view?usp=drive_link,https://s3.us-east-2.amazonaws.com/meli-ai.filmmaker/MP-Users/Assets/INGRESO-APP-MLM.mov,https://s3.us-east-2.amazonaws.com/meli-ai.filmmaker/MP-Users/Assets/MLM-%20Participa%20ahora.mov
participa_por_50_00o,MLM,female,https://s3.us-east-2.amazonaws.com/meli-ai.filmmaker/MP-Users/MLM_NEW/165_participa_por_50_00o-MLM-female/165_participa_por_50_00o-MLM-female_scene_1_lipsync.mp4,https://s3.us-east-2.amazonaws.com/meli-ai.filmmaker/MP-Users/MLM_NEW/165_participa_por_50_00o-MLM-female/165_participa_por_50_00o-MLM-female_scene_2_lipsync.mp4,https://s3.us-east-2.amazonaws.com/meli-ai.filmmaker/MP-Users/MLM_NEW/165_participa_por_50_00o-MLM-female/165_participa_por_50_00o-MLM-female_scene_3_lipsync.mp4,https://drive.google.com/file/d/1v2UvLMLiSNPVKFA4ny63pcPiZefy-yw8/view?usp=drive_link,https://drive.google.com/file/d/1ONyYAdqCETU9tWkPdWBFFm4rVmI2vHuP/view?usp=drive_link,https://s3.us-east-2.amazonaws.com/meli-ai.filmmaker/MP-Users/Assets/INGRESO-APP-MLM.mov,https://s3.us-east-2.amazonaws.com/meli-ai.filmmaker/MP-Users/Assets/MLM-%20Participa%20ahora.mov
participa_por_50_00o,MLM,male,https://s3.us-east-2.amazonaws.com/meli-ai.filmmaker/MP-Users/MLM_NEW/166_participa_por_50_00o-MLM-male/166_participa_por_50_00o-MLM-male_scene_1_lipsync.mp4,https://s3.us-east-2.amazonaws.com/meli-ai.filmmaker/MP-Users/MLM_NEW/166_participa_por_50_00o-MLM-male/166_participa_por_50_00o-MLM-male_scene_2_lipsync.mp4,https://s3.us-east-2.amazonaws.com/meli-ai.filmmaker/MP-Users/MLM_NEW/166_participa_por_50_00o-MLM-male/166_participa_por_50_00o-MLM-male_scene_3_lipsync.mp4,https://drive.google.com/file/d/1v2UvLMLiSNPVKFA4ny63pcPiZefy-yw8/view?usp=drive_link,https://drive.google.com/file/d/1ONyYAdqCETU9tWkPdWBFFm4rVmI2vHuP/view?usp=drive_link,https://s3.us-east-2.amazonaws.com/meli-ai.filmmaker/MP-Users/Assets/INGRESO-APP-MLM.mov,https://s3.us-east-2.amazonaws.com/meli-ai.filmmaker/MP-Users/Assets/MLM-%20Participa%20ahora.mov
participa_por_50_00o,MLM,female,https://s3.us-east-2.amazonaws.com/meli-ai.filmmaker/MP-Users/MLM_NEW/167_participa_por_50_00o-MLM-female/167_participa_por_50_00o-MLM-female_scene_1_lipsync.mp4,https://s3.us-east-2.amazonaws.com/meli-ai.filmmaker/MP-Users/MLM_NEW/167_participa_por_50_00o-MLM-female/167_participa_por_50_00o-MLM-female_scene_2_lipsync.mp4,https://s3.us-east-2.amazonaws.com/meli-ai.filmmaker/MP-Users/MLM_NEW/167_participa_por_50_00o-MLM-female/167_participa_por_50_00o-MLM-female_scene_3_lipsync.mp4,https://drive.google.com/file/d/1v2UvLMLiSNPVKFA4ny63pcPiZefy-yw8/view?usp=drive_link,https://drive.google.com/file/d/1ONyYAdqCETU9tWkPdWBFFm4rVmI2vHuP/view?usp=drive_link,https://s3.us-east-2.amazonaws.com/meli-ai.filmmaker/MP-Users/Assets/INGRESO-APP-MLM.mov,https://s3.us-east-2.amazonaws.com/meli-ai.filmmaker/MP-Users/Assets/MLM-%20Participa%20ahora.mov
participa_por_50_00o,MLM,female,https://s3.us-east-2.amazonaws.com/meli-ai.filmmaker/MP-Users/MLM_NEW/9_participa_por_50_00o-MLM-female/9_participa_por_50_00o-MLM-female_scene_1_lipsync.mp4,https://s3.us-east-2.amazonaws.com/meli-ai.filmmaker/MP-Users/MLM_NEW/9_participa_por_50_00o-MLM-female/9_participa_por_50_00o-MLM-female_scene_2_lipsync.mp4,https://s3.us-east-2.amazonaws.com/meli-ai.filmmaker/MP-Users/MLM_NEW/9_participa_por_50_00o-MLM-female/9_participa_por_50_00o-MLM-female_scene_3_lipsync.mp4,https://drive.google.com/file/d/1v2UvLMLiSNPVKFA4ny63pcPiZefy-yw8/view?usp=drive_link,https://drive.google.com/file/d/1ONyYAdqCETU9tWkPdWBFFm4rVmI2vHuP/view?usp=drive_link,https://s3.us-east-2.amazonaws.com/meli-ai.filmmaker/MP-Users/Assets/INGRESO-APP-MLM.mov,https://s3.us-east-2.amazonaws.com/meli-ai.filmmaker/MP-Users/Assets/MLM-%20Participa%20ahora.mov
prestamo_personal,MLM,female,https://s3.us-east-2.amazonaws.com/meli-ai.filmmaker/MP-Users/MLM_NEW/13_prestamo_personal-MLM-female/13_prestamo_personal-MLM-female_scene_1_lipsync.mp4,https://s3.us-east-2.amazonaws.com/meli-ai.filmmaker/MP-Users/MLM_NEW/13_prestamo_personal-MLM-female/13_prestamo_personal-MLM-female_scene_2_lipsync.mp4,https://s3.us-east-2.amazonaws.com/meli-ai.filmmaker/MP-Users/MLM_NEW/13_prestamo_personal-MLM-female/13_prestamo_personal-MLM-female_scene_3_lipsync.mp4,https://drive.google.com/file/d/1v2UvLMLiSNPVKFA4ny63pcPiZefy-yw8/view?usp=drive_link,https://drive.google.com/file/d/19nCqgQA8heH9potisKIv8CtdCBRtrra3/view?usp=drive_link,https://s3.us-east-2.amazonaws.com/meli-ai.filmmaker/MP-Users/Assets/INGRESO-APP-MLM.mov,https://s3.us-east-2.amazonaws.com/meli-ai.filmmaker/MP-Users/Assets/MLM-%20Solicita%20tu%20Pr%C3%A9stamo%20Personal.mov
prestamo_personal,MLM,male,https://s3.us-east-2.amazonaws.com/meli-ai.filmmaker/MP-Users/MLM_NEW/14_prestamo_personal-MLM-male/14_prestamo_personal-MLM-male_scene_1_lipsync.mp4,https://s3.us-east-2.amazonaws.com/meli-ai.filmmaker/MP-Users/MLM_NEW/14_prestamo_personal-MLM-male/14_prestamo_personal-MLM-male_scene_2_lipsync.mp4,https://s3.us-east-2.amazonaws.com/meli-ai.filmmaker/MP-Users/MLM_NEW/14_prestamo_personal-MLM-male/14_prestamo_personal-MLM-male_scene_3_lipsync.mp4,https://drive.google.com/file/d/1v2UvLMLiSNPVKFA4ny63pcPiZefy-yw8/view?usp=drive_link,https://drive.google.com/file/d/19nCqgQA8heH9potisKIv8CtdCBRtrra3/view?usp=drive_link,https://s3.us-east-2.amazonaws.com/meli-ai.filmmaker/MP-Users/Assets/INGRESO-APP-MLM.mov,https://s3.us-east-2.amazonaws.com/meli-ai.filmmaker/MP-Users/Assets/MLM-%20Solicita%20tu%20Pr%C3%A9stamo%20Personal.mov
prestamo_personal,MLM,male,https://s3.us-east-2.amazonaws.com/meli-ai.filmmaker/MP-Users/MLM_NEW/186_prestamo_personal-MLM-male/186_prestamo_personal-MLM-male_scene_1_lipsync.mp4,https://s3.us-east-2.amazonaws.com/meli-ai.filmmaker/MP-Users/MLM_NEW/186_prestamo_personal-MLM-male/186_prestamo_personal-MLM-male_scene_2_lipsync.mp4,https://s3.us-east-2.amazonaws.com/meli-ai.filmmaker/MP-Users/MLM_NEW/186_prestamo_personal-MLM-male/186_prestamo_personal-MLM-male_scene_3_lipsync.mp4,https://drive.google.com/file/d/1v2UvLMLiSNPVKFA4ny63pcPiZefy-yw8/view?usp=drive_link,https://drive.google.com/file/d/19nCqgQA8heH9potisKIv8CtdCBRtrra3/view?usp=drive_link,https://s3.us-east-2.amazonaws.com/meli-ai.filmmaker/MP-Users/Assets/INGRESO-APP-MLM.mov,https://s3.us-east-2.amazonaws.com/meli-ai.filmmaker/MP-Users/Assets/MLM-%20Solicita%20tu%20Pr%C3%A9stamo%20Personal.mov
prestamo_personal,MLM,female,https://s3.us-east-2.amazonaws.com/meli-ai.filmmaker/MP-Users/MLM_NEW/187_prestamo_personal-MLM-female/187_prestamo_personal-MLM-female_scene_1_lipsync.mp4,https://s3.us-east-2.amazonaws.com/meli-ai.filmmaker/MP-Users/MLM_NEW/187_prestamo_personal-MLM-female/187_prestamo_personal-MLM-female_scene_2_lipsync.mp4,https://s3.us-east-2.amazonaws.com/meli-ai.filmmaker/MP-Users/MLM_NEW/187_prestamo_personal-MLM-female/187_prestamo_personal-MLM-female_scene_3_lipsync.mp4,https://drive.google.com/file/d/1v2UvLMLiSNPVKFA4ny63pcPiZefy-yw8/view?usp=drive_link,https://drive.google.com/file/d/19nCqgQA8heH9potisKIv8CtdCBRtrra3/view?usp=drive_link,https://s3.us-east-2.amazonaws.com/meli-ai.filmmaker/MP-Users/Assets/INGRESO-APP-MLM.mov,https://s3.us-east-2.amazonaws.com/meli-ai.filmmaker/MP-Users/Assets/MLM-%20Solicita%20tu%20Pr%C3%A9stamo%20Personal.mov
prestamo_personal,MLM,male,https://s3.us-east-2.amazonaws.com/meli-ai.filmmaker/MP-Users/MLM_NEW/188_prestamo_personal-MLM-male/188_prestamo_personal-MLM-male_scene_1_lipsync.mp4,https://s3.us-east-2.amazonaws.com/meli-ai.filmmaker/MP-Users/MLM_NEW/188_prestamo_personal-MLM-male/188_prestamo_personal-MLM-male_scene_2_lipsync.mp4,https://s3.us-east-2.amazonaws.com/meli-ai.filmmaker/MP-Users/MLM_NEW/188_prestamo_personal-MLM-male/188_prestamo_personal-MLM-male_scene_3_lipsync.mp4,https://drive.google.com/file/d/1v2UvLMLiSNPVKFA4ny63pcPiZefy-yw8/view?usp=drive_link,https://drive.google.com/file/d/19nCqgQA8heH9potisKIv8CtdCBRtrra3/view?usp=drive_link,https://s3.us-east-2.amazonaws.com/meli-ai.filmmaker/MP-Users/Assets/INGRESO-APP-MLM.mov,https://s3.us-east-2.amazonaws.com/meli-ai.filmmaker/MP-Users/Assets/MLM-%20Solicita%20tu%20Pr%C3%A9stamo%20Personal.mov
prestamo_personal,MLM,male,https://s3.us-east-2.amazonaws.com/meli-ai.filmmaker/MP-Users/MLM_NEW/189_prestamo_personal-MLM-male/189_prestamo_personal-MLM-male_scene_1_lipsync.mp4,https://s3.us-east-2.amazonaws.com/meli-ai.filmmaker/MP-Users/MLM_NEW/189_prestamo_personal-MLM-male/189_prestamo_personal-MLM-male_scene_2_lipsync.mp4,https://s3.us-east-2.amazonaws.com/meli-ai.filmmaker/MP-Users/MLM_NEW/189_prestamo_personal-MLM-male/189_prestamo_personal-MLM-male_scene_3_lipsync.mp4,https://drive.google.com/file/d/1v2UvLMLiSNPVKFA4ny63pcPiZefy-yw8/view?usp=drive_link,https://drive.google.com/file/d/19nCqgQA8heH9potisKIv8CtdCBRtrra3/view?usp=drive_link,https://s3.us-east-2.amazonaws.com/meli-ai.filmmaker/MP-Users/Assets/INGRESO-APP-MLM.mov,https://s3.us-east-2.amazonaws.com/meli-ai.filmmaker/MP-Users/Assets/MLM-%20Solicita%20tu%20Pr%C3%A9stamo%20Personal.mov
prestamo_personal,MLM,female,https://s3.us-east-2.amazonaws.com/meli-ai.filmmaker/MP-Users/MLM_NEW/191_prestamo_personal-MLM-female/191_prestamo_personal-MLM-female_scene_1_lipsync.mp4,https://s3.us-east-2.amazonaws.com/meli-ai.filmmaker/MP-Users/MLM_NEW/191_prestamo_personal-MLM-female/191_prestamo_personal-MLM-female_scene_2_lipsync.mp4,https://s3.us-east-2.amazonaws.com/meli-ai.filmmaker/MP-Users/MLM_NEW/191_prestamo_personal-MLM-female/191_prestamo_personal-MLM-female_scene_3_lipsync.mp4,https://drive.google.com/file/d/1v2UvLMLiSNPVKFA4ny63pcPiZefy-yw8/view?usp=drive_link,https://drive.google.com/file/d/19nCqgQA8heH9potisKIv8CtdCBRtrra3/view?usp=drive_link,https://s3.us-east-2.amazonaws.com/meli-ai.filmmaker/MP-Users/Assets/INGRESO-APP-MLM.mov,https://s3.us-east-2.amazonaws.com/meli-ai.filmmaker/MP-Users/Assets/MLM-%20Solicita%20tu%20Pr%C3%A9stamo%20Personal.mov
prestamo_personal,MLM,female,https://s3.us-east-2.amazonaws.com/meli-ai.filmmaker/MP-Users/MLM_NEW/192_prestamo_personal-MLM-female/192_prestamo_personal-MLM-female_scene_1_lipsync.mp4,https://s3.us-east-2.amazonaws.com/meli-ai.filmmaker/MP-Users/MLM_NEW/192_prestamo_personal-MLM-female/192_prestamo_personal-MLM-female_scene_2_lipsync.mp4,https://s3.us-east-2.amazonaws.com/meli-ai.filmmaker/MP-Users/MLM_NEW/192_prestamo_personal-MLM-female/192_prestamo_personal-MLM-female_scene_3_lipsync.mp4,https://drive.google.com/file/d/1v2UvLMLiSNPVKFA4ny63pcPiZefy-yw8/view?usp=drive_link,https://drive.google.com/file/d/19nCqgQA8heH9potisKIv8CtdCBRtrra3/view?usp=drive_link,https://s3.us-east-2.amazonaws.com/meli-ai.filmmaker/MP-Users/Assets/INGRESO-APP-MLM.mov,https://s3.us-east-2.amazonaws.com/meli-ai.filmmaker/MP-Users/Assets/MLM-%20Solicita%20tu%20Pr%C3%A9stamo%20Personal.mov
prestamo_personal,MLM,male,https://s3.us-east-2.amazonaws.com/meli-ai.filmmaker/MP-Users/MLM_NEW/193_prestamo_personal-MLM-male/193_prestamo_personal-MLM-male_scene_1_lipsync.mp4,https://s3.us-east-2.amazonaws.com/meli-ai.filmmaker/MP-Users/MLM_NEW/193_prestamo_personal-MLM-male/193_prestamo_personal-MLM-male_scene_2_lipsync.mp4,https://s3.us-east-2.amazonaws.com/meli-ai.filmmaker/MP-Users/MLM_NEW/193_prestamo_personal-MLM-male/193_prestamo_personal-MLM-male_scene_3_lipsync.mp4,https://drive.google.com/file/d/1v2UvLMLiSNPVKFA4ny63pcPiZefy-yw8/view?usp=drive_link,https://drive.google.com/file/d/19nCqgQA8heH9potisKIv8CtdCBRtrra3/view?usp=drive_link,https://s3.us-east-2.amazonaws.com/meli-ai.filmmaker/MP-Users/Assets/INGRESO-APP-MLM.mov,https://s3.us-east-2.amazonaws.com/meli-ai.filmmaker/MP-Users/Assets/MLM-%20Solicita%20tu%20Pr%C3%A9stamo%20Personal.mov
tarjeta_de_credito,MLM,female,https://s3.us-east-2.amazonaws.com/meli-ai.filmmaker/MP-Users/MLM_NEW/149_tarjeta_de_credito-MLM-female/149_tarjeta_de_credito-MLM-female_scene_1_lipsync.mp4,https://s3.us-east-2.amazonaws.com/meli-ai.filmmaker/MP-Users/MLM_NEW/149_tarjeta_de_credito-MLM-female/149_tarjeta_de_credito-MLM-female_scene_2_lipsync.mp4,https://s3.us-east-2.amazonaws.com/meli-ai.filmmaker/MP-Users/MLM_NEW/149_tarjeta_de_credito-MLM-female/149_tarjeta_de_credito-MLM-female_scene_3_lipsync.mp4,https://drive.google.com/file/d/1KDcioMGwvR4s9ea5pGZb2vivloCcShuw/view?usp=drive_link,https://drive.google.com/file/d/1tAWdTfSeRcs9SZUrxDHqTc7dehJlx3VN/view?usp=drive_link,https://s3.us-east-2.amazonaws.com/meli-ai.filmmaker/MP-Users/Assets/TARJETA-DE-CREDITO-MLM.mp4,https://s3.us-east-2.amazonaws.com/meli-ai.filmmaker/MP-Users/Assets/MLM-%20Pide%20tu%20Tarjeta%20de%20Cr%C3%A9dito.mov
tarjeta_de_credito,MLM,male,https://s3.us-east-2.amazonaws.com/meli-ai.filmmaker/MP-Users/MLM_NEW/150_tarjeta_de_credito-MLM-male/150_tarjeta_de_credito-MLM-male_scene_1_lipsync.mp4,https://s3.us-east-2.amazonaws.com/meli-ai.filmmaker/MP-Users/MLM_NEW/150_tarjeta_de_credito-MLM-male/150_tarjeta_de_credito-MLM-male_scene_2_lipsync.mp4,https://s3.us-east-2.amazonaws.com/meli-ai.filmmaker/MP-Users/MLM_NEW/150_tarjeta_de_credito-MLM-male/150_tarjeta_de_credito-MLM-male_scene_3_lipsync.mp4,https://drive.google.com/file/d/1KDcioMGwvR4s9ea5pGZb2vivloCcShuw/view?usp=drive_link,https://drive.google.com/file/d/1tAWdTfSeRcs9SZUrxDHqTc7dehJlx3VN/view?usp=drive_link,https://s3.us-east-2.amazonaws.com/meli-ai.filmmaker/MP-Users/Assets/TARJETA-DE-CREDITO-MLM.mp4,https://s3.us-east-2.amazonaws.com/meli-ai.filmmaker/MP-Users/Assets/MLM-%20Pide%20tu%20Tarjeta%20de%20Cr%C3%A9dito.mov
tarjeta_de_credito,MLM,female,https://s3.us-east-2.amazonaws.com/meli-ai.filmmaker/MP-Users/MLM_NEW/151_tarjeta_de_credito-MLM-female/151_tarjeta_de_credito-MLM-female_scene_1_lipsync.mp4,https://s3.us-east-2.amazonaws.com/meli-ai.filmmaker/MP-Users/MLM_NEW/151_tarjeta_de_credito-MLM-female/151_tarjeta_de_credito-MLM-female_scene_2_lipsync.mp4,https://s3.us-east-2.amazonaws.com/meli-ai.filmmaker/MP-Users/MLM_NEW/151_tarjeta_de_credito-MLM-female/151_tarjeta_de_credito-MLM-female_scene_3_lipsync.mp4,https://drive.google.com/file/d/1KDcioMGwvR4s9ea5pGZb2vivloCcShuw/view?usp=drive_link,https://drive.google.com/file/d/1tAWdTfSeRcs9SZUrxDHqTc7dehJlx3VN/view?usp=drive_link,https://s3.us-east-2.amazonaws.com/meli-ai.filmmaker/MP-Users/Assets/TARJETA-DE-CREDITO-MLM.mp4,https://s3.us-east-2.amazonaws.com/meli-ai.filmmaker/MP-Users/Assets/MLM-%20Pide%20tu%20Tarjeta%20de%20Cr%C3%A9dito.mov
tarjeta_de_credito,MLM,female,https://s3.us-east-2.amazonaws.com/meli-ai.filmmaker/MP-Users/MLM_NEW/153_tarjeta_de_credito-MLM-female/153_tarjeta_de_credito-MLM-female_scene_1_lipsync.mp4,https://s3.us-east-2.amazonaws.com/meli-ai.filmmaker/MP-Users/MLM_NEW/153_tarjeta_de_credito-MLM-female/153_tarjeta_de_credito-MLM-female_scene_2_lipsync.mp4,https://s3.us-east-2.amazonaws.com/meli-ai.filmmaker/MP-Users/MLM_NEW/153_tarjeta_de_credito-MLM-female/153_tarjeta_de_credito-MLM-female_scene_3_lipsync.mp4,https://drive.google.com/file/d/1KDcioMGwvR4s9ea5pGZb2vivloCcShuw/view?usp=drive_link,https://drive.google.com/file/d/1tAWdTfSeRcs9SZUrxDHqTc7dehJlx3VN/view?usp=drive_link,https://s3.us-east-2.amazonaws.com/meli-ai.filmmaker/MP-Users/Assets/TARJETA-DE-CREDITO-MLM.mp4,https://s3.us-east-2.amazonaws.com/meli-ai.filmmaker/MP-Users/Assets/MLM-%20Pide%20tu%20Tarjeta%20de%20Cr%C3%A9dito.mov
tarjeta_de_credito,MLM,male,https://s3.us-east-2.amazonaws.com/meli-ai.filmmaker/MP-Users/MLM_NEW/154_tarjeta_de_credito-MLM-male/154_tarjeta_de_credito-MLM-male_scene_1_lipsync.mp4,https://s3.us-east-2.amazonaws.com/meli-ai.filmmaker/MP-Users/MLM_NEW/154_tarjeta_de_credito-MLM-male/154_tarjeta_de_credito-MLM-male_scene_2_lipsync.mp4,https://s3.us-east-2.amazonaws.com/meli-ai.filmmaker/MP-Users/MLM_NEW/154_tarjeta_de_credito-MLM-male/154_tarjeta_de_credito-MLM-male_scene_3_lipsync.mp4,https://drive.google.com/file/d/1KDcioMGwvR4s9ea5pGZb2vivloCcShuw/view?usp=drive_link,https://drive.google.com/file/d/1tAWdTfSeRcs9SZUrxDHqTc7dehJlx3VN/view?usp=drive_link,https://s3.us-east-2.amazonaws.com/meli-ai.filmmaker/MP-Users/Assets/TARJETA-DE-CREDITO-MLM.mp4,https://s3.us-east-2.amazonaws.com/meli-ai.filmmaker/MP-Users/Assets/MLM-%20Pide%20tu%20Tarjeta%20de%20Cr%C3%A9dito.mov
tarjeta_de_credito,MLM,female,https://s3.us-east-2.amazonaws.com/meli-ai.filmmaker/MP-Users/MLM_NEW/157_tarjeta_de_credito-MLM-female/157_tarjeta_de_credito-MLM-female_scene_1_lipsync.mp4,https://s3.us-east-2.amazonaws.com/meli-ai.filmmaker/MP-Users/MLM_NEW/157_tarjeta_de_credito-MLM-female/157_tarjeta_de_credito-MLM-female_scene_2_lipsync.mp4,https://s3.us-east-2.amazonaws.com/meli-ai.filmmaker/MP-Users/MLM_NEW/157_tarjeta_de_credito-MLM-female/157_tarjeta_de_credito-MLM-female_scene_3_lipsync.mp4,https://drive.google.com/file/d/1KDcioMGwvR4s9ea5pGZb2vivloCcShuw/view?usp=drive_link,https://drive.google.com/file/d/1tAWdTfSeRcs9SZUrxDHqTc7dehJlx3VN/view?usp=drive_link,https://s3.us-east-2.amazonaws.com/meli-ai.filmmaker/MP-Users/Assets/TARJETA-DE-CREDITO-MLM.mp4,https://s3.us-east-2.amazonaws.com/meli-ai.filmmaker/MP-Users/Assets/MLM-%20Pide%20tu%20Tarjeta%20de%20Cr%C3%A9dito.mov
tarjeta_de_credito,MLM,male,https://s3.us-east-2.amazonaws.com/meli-ai.filmmaker/MP-Users/MLM_NEW/159_tarjeta_de_credito-MLM-male/159_tarjeta_de_credito-MLM-male_scene_1_lipsync.mp4,https://s3.us-east-2.amazonaws.com/meli-ai.filmmaker/MP-Users/MLM_NEW/159_tarjeta_de_credito-MLM-male/159_tarjeta_de_credito-MLM-male_scene_2_lipsync.mp4,https://s3.us-east-2.amazonaws.com/meli-ai.filmmaker/MP-Users/MLM_NEW/159_tarjeta_de_credito-MLM-male/159_tarjeta_de_credito-MLM-male_scene_3_lipsync.mp4,https://drive.google.com/file/d/1KDcioMGwvR4s9ea5pGZb2vivloCcShuw/view?usp=drive_link,https://drive.google.com/file/d/1tAWdTfSeRcs9SZUrxDHqTc7dehJlx3VN/view?usp=drive_link,https://s3.us-east-2.amazonaws.com/meli-ai.filmmaker/MP-Users/Assets/TARJETA-DE-CREDITO-MLM.mp4,https://s3.us-east-2.amazonaws.com/meli-ai.filmmaker/MP-Users/Assets/MLM-%20Pide%20tu%20Tarjeta%20de%20Cr%C3%A9dito.mov
tarjeta_debit_mastercard,MLM,male,https://s3.us-east-2.amazonaws.com/meli-ai.filmmaker/MP-Users/MLM_NEW/207_tarjeta_debit_mastercard-MLM-male/207_tarjeta_debit_mastercard-MLM-male_scene_1_lipsync.mp4,https://s3.us-east-2.amazonaws.com/meli-ai.filmmaker/MP-Users/MLM_NEW/207_tarjeta_debit_mastercard-MLM-male/207_tarjeta_debit_mastercard-MLM-male_scene_2_lipsync.mp4,https://s3.us-east-2.amazonaws.com/meli-ai.filmmaker/MP-Users/MLM_NEW/207_tarjeta_debit_mastercard-MLM-male/207_tarjeta_debit_mastercard-MLM-male_scene_3_lipsync.mp4,https://drive.google.com/file/d/1g83iPovWhnIR75a3TgVaOV81nD0UXLH3/view?usp=drive_link,https://drive.google.com/file/d/1nTA4Lr5hcZj3ToQk75YKx1uNxbYJ88vj/view?usp=drive_link,https://s3.us-east-2.amazonaws.com/meli-ai.filmmaker/MP-Users/Assets/TARJETA-DEBIT-MASTERCARD-MLM.mov,https://s3.us-east-2.amazonaws.com/meli-ai.filmmaker/MP-Users/Assets/MLM-%20Pide%20tu%20Tarjeta%20ahora.mov
tarjeta_debit_mastercard,MLM,female,https://s3.us-east-2.amazonaws.com/meli-ai.filmmaker/MP-Users/MLM_NEW/208_tarjeta_debit_mastercard-MLM-female/208_tarjeta_debit_mastercard-MLM-female_scene_1_lipsync.mp4,https://s3.us-east-2.amazonaws.com/meli-ai.filmmaker/MP-Users/MLM_NEW/208_tarjeta_debit_mastercard-MLM-female/208_tarjeta_debit_mastercard-MLM-female_scene_2_lipsync.mp4,https://s3.us-east-2.amazonaws.com/meli-ai.filmmaker/MP-Users/MLM_NEW/208_tarjeta_debit_mastercard-MLM-female/208_tarjeta_debit_mastercard-MLM-female_scene_3_lipsync.mp4,https://drive.google.com/file/d/1g83iPovWhnIR75a3TgVaOV81nD0UXLH3/view?usp=drive_link,https://drive.google.com/file/d/1nTA4Lr5hcZj3ToQk75YKx1uNxbYJ88vj/view?usp=drive_link,https://s3.us-east-2.amazonaws.com/meli-ai.filmmaker/MP-Users/Assets/TARJETA-DEBIT-MASTERCARD-MLM.mov,https://s3.us-east-2.amazonaws.com/meli-ai.filmmaker/MP-Users/Assets/MLM-%20Pide%20tu%20Tarjeta%20ahora.mov
tarjeta_debit_mastercard,MLM,male,https://s3.us-east-2.amazonaws.com/meli-ai.filmmaker/MP-Users/MLM_NEW/210_tarjeta_debit_mastercard-MLM-male/210_tarjeta_debit_mastercard-MLM-male_scene_1_lipsync.mp4,https://s3.us-east-2.amazonaws.com/meli-ai.filmmaker/MP-Users/MLM_NEW/210_tarjeta_debit_mastercard-MLM-male/210_tarjeta_debit_mastercard-MLM-male_scene_2_lipsync.mp4,https://s3.us-east-2.amazonaws.com/meli-ai.filmmaker/MP-Users/MLM_NEW/210_tarjeta_debit_mastercard-MLM-male/210_tarjeta_debit_mastercard-MLM-male_scene_3_lipsync.mp4,https://drive.google.com/file/d/1g83iPovWhnIR75a3TgVaOV81nD0UXLH3/view?usp=drive_link,https://drive.google.com/file/d/1nTA4Lr5hcZj3ToQk75YKx1uNxbYJ88vj/view?usp=drive_link,https://s3.us-east-2.amazonaws.com/meli-ai.filmmaker/MP-Users/Assets/TARJETA-DEBIT-MASTERCARD-MLM.mov,https://s3.us-east-2.amazonaws.com/meli-ai.filmmaker/MP-Users/Assets/MLM-%20Pide%20tu%20Tarjeta%20ahora.mov
tarjeta_debit_mastercard,MLM,female,https://s3.us-east-2.amazonaws.com/meli-ai.filmmaker/MP-Users/MLM_NEW/3_tarjeta_debit_mastercard-MLM-female/3_tarjeta_debit_mastercard-MLM-female_scene_1_lipsync.mp4,https://s3.us-east-2.amazonaws.com/meli-ai.filmmaker/MP-Users/MLM_NEW/3_tarjeta_debit_mastercard-MLM-female/3_tarjeta_debit_mastercard-MLM-female_scene_2_lipsync.mp4,https://s3.us-east-2.amazonaws.com/meli-ai.filmmaker/MP-Users/MLM_NEW/3_tarjeta_debit_mastercard-MLM-female/3_tarjeta_debit_mastercard-MLM-female_scene_3_lipsync.mp4,https://drive.google.com/file/d/1g83iPovWhnIR75a3TgVaOV81nD0UXLH3/view?usp=drive_link,https://drive.google.com/file/d/1nTA4Lr5hcZj3ToQk75YKx1uNxbYJ88vj/view?usp=drive_link,https://s3.us-east-2.amazonaws.com/meli-ai.filmmaker/MP-Users/Assets/TARJETA-DEBIT-MASTERCARD-MLM.mov,https://s3.us-east-2.amazonaws.com/meli-ai.filmmaker/MP-Users/Assets/MLM-%20Pide%20tu%20Tarjeta%20ahora.mov
tarjeta_debit_mastercard,MLM,female,https://s3.us-east-2.amazonaws.com/meli-ai.filmmaker/MP-Users/MLM_NEW/5_tarjeta_debit_mastercard-MLM-female/5_tarjeta_debit_mastercard-MLM-female_scene_1_lipsync.mp4,https://s3.us-east-2.amazonaws.com/meli-ai.filmmaker/MP-Users/MLM_NEW/5_tarjeta_debit_mastercard-MLM-female/5_tarjeta_debit_mastercard-MLM-female_scene_2_lipsync.mp4,https://s3.us-east-2.amazonaws.com/meli-ai.filmmaker/MP-Users/MLM_NEW/5_tarjeta_debit_mastercard-MLM-female/5_tarjeta_debit_mastercard-MLM-female_scene_3_lipsync.mp4,https://drive.google.com/file/d/1g83iPovWhnIR75a3TgVaOV81nD0UXLH3/view?usp=drive_link,https://drive.google.com/file/d/1nTA4Lr5hcZj3ToQk75YKx1uNxbYJ88vj/view?usp=drive_link,https://s3.us-east-2.amazonaws.com/meli-ai.filmmaker/MP-Users/Assets/TARJETA-DEBIT-MASTERCARD-MLM.mov,https://s3.us-east-2.amazonaws.com/meli-ai.filmmaker/MP-Users/Assets/MLM-%20Pide%20tu%20Tarjeta%20ahora.mov
