Product,GEO,Gender,scene_1_lipsync,scene_2_lipsync,scene_3_lipsync,Broll,Endcard,BROLL S3 URL,ENDCARD S3 URL
15_000_de_descuento,MLA,female,https://s3.us-east-2.amazonaws.com/meli-ai.filmmaker/MP-Users/MLA_NEW/35_15_000_de_descuento-MLA-female/35_15_000_de_descuento-MLA-female_scene_1_lipsync.mp4,https://s3.us-east-2.amazonaws.com/meli-ai.filmmaker/MP-Users/MLA_NEW/35_15_000_de_descuento-MLA-female/35_15_000_de_descuento-MLA-female_scene_2_lipsync.mp4,https://s3.us-east-2.amazonaws.com/meli-ai.filmmaker/MP-Users/MLA_NEW/35_15_000_de_descuento-MLA-female/35_15_000_de_descuento-MLA-female_scene_3_lipsync.mp4,https://drive.google.com/file/d/1Vwpt5eugGB_5HrvbDeskwDlPovMbG7y1/view?usp=drive_link,https://drive.google.com/file/d/1pbgRIAQfXZKDPPx76tbyyz4hKBmwDM-f/view?usp=sharing,s3://meli-ai.filmmaker/MP-Users/Assets/15K-DE-DESCUENTO-MLA.mov,s3://meli-ai.filmmaker/MP-Users/Assets/MLA- Ahorrá con tu cuenta digital.mov
15_000_de_descuento,MLA,male,https://s3.us-east-2.amazonaws.com/meli-ai.filmmaker/MP-Users/MLA_NEW/36_15_000_de_descuento-MLA-male/36_15_000_de_descuento-MLA-male_scene_1_lipsync.mp4,https://s3.us-east-2.amazonaws.com/meli-ai.filmmaker/MP-Users/MLA_NEW/36_15_000_de_descuento-MLA-male/36_15_000_de_descuento-MLA-male_scene_2_lipsync.mp4,https://s3.us-east-2.amazonaws.com/meli-ai.filmmaker/MP-Users/MLA_NEW/36_15_000_de_descuento-MLA-male/36_15_000_de_descuento-MLA-male_scene_3_lipsync.mp4,https://drive.google.com/file/d/1Vwpt5eugGB_5HrvbDeskwDlPovMbG7y1/view?usp=drive_link,https://drive.google.com/file/d/1pbgRIAQfXZKDPPx76tbyyz4hKBmwDM-f/view?usp=sharing,s3://meli-ai.filmmaker/MP-Users/Assets/15K-DE-DESCUENTO-MLA.mov,s3://meli-ai.filmmaker/MP-Users/Assets/MLA- Ahorrá con tu cuenta digital.mov
15_000_de_descuento,MLA,male,https://s3.us-east-2.amazonaws.com/meli-ai.filmmaker/MP-Users/MLA_NEW/7_15_000_de_descuento-MLA-male/7_15_000_de_descuento-MLA-male_scene_1_lipsync.mp4,https://s3.us-east-2.amazonaws.com/meli-ai.filmmaker/MP-Users/MLA_NEW/7_15_000_de_descuento-MLA-male/7_15_000_de_descuento-MLA-male_scene_2_lipsync.mp4,https://s3.us-east-2.amazonaws.com/meli-ai.filmmaker/MP-Users/MLA_NEW/7_15_000_de_descuento-MLA-male/7_15_000_de_descuento-MLA-male_scene_3_lipsync.mp4,https://drive.google.com/file/d/1Vwpt5eugGB_5HrvbDeskwDlPovMbG7y1/view?usp=drive_link,https://drive.google.com/file/d/1pbgRIAQfXZKDPPx76tbyyz4hKBmwDM-f/view?usp=sharing,s3://meli-ai.filmmaker/MP-Users/Assets/15K-DE-DESCUENTO-MLA.mov,s3://meli-ai.filmmaker/MP-Users/Assets/MLA- Ahorrá con tu cuenta digital.mov
15_000_de_descuento,MLA,female,https://s3.us-east-2.amazonaws.com/meli-ai.filmmaker/MP-Users/MLA_NEW/82_15_000_de_descuento-MLA-female/82_15_000_de_descuento-MLA-female_scene_1_lipsync.mp4,https://s3.us-east-2.amazonaws.com/meli-ai.filmmaker/MP-Users/MLA_NEW/82_15_000_de_descuento-MLA-female/82_15_000_de_descuento-MLA-female_scene_2_lipsync.mp4,https://s3.us-east-2.amazonaws.com/meli-ai.filmmaker/MP-Users/MLA_NEW/82_15_000_de_descuento-MLA-female/82_15_000_de_descuento-MLA-female_scene_3_lipsync.mp4,https://drive.google.com/file/d/1Vwpt5eugGB_5HrvbDeskwDlPovMbG7y1/view?usp=drive_link,https://drive.google.com/file/d/1pbgRIAQfXZKDPPx76tbyyz4hKBmwDM-f/view?usp=sharing,s3://meli-ai.filmmaker/MP-Users/Assets/15K-DE-DESCUENTO-MLA.mov,s3://meli-ai.filmmaker/MP-Users/Assets/MLA- Ahorrá con tu cuenta digital.mov
15_000_de_descuento,MLA,male,https://s3.us-east-2.amazonaws.com/meli-ai.filmmaker/MP-Users/MLA_NEW/83_15_000_de_descuento-MLA-male/83_15_000_de_descuento-MLA-male_scene_1_lipsync.mp4,https://s3.us-east-2.amazonaws.com/meli-ai.filmmaker/MP-Users/MLA_NEW/83_15_000_de_descuento-MLA-male/83_15_000_de_descuento-MLA-male_scene_2_lipsync.mp4,https://s3.us-east-2.amazonaws.com/meli-ai.filmmaker/MP-Users/MLA_NEW/83_15_000_de_descuento-MLA-male/83_15_000_de_descuento-MLA-male_scene_3_lipsync.mp4,https://drive.google.com/file/d/1Vwpt5eugGB_5HrvbDeskwDlPovMbG7y1/view?usp=drive_link,https://drive.google.com/file/d/1pbgRIAQfXZKDPPx76tbyyz4hKBmwDM-f/view?usp=sharing,s3://meli-ai.filmmaker/MP-Users/Assets/15K-DE-DESCUENTO-MLA.mov,s3://meli-ai.filmmaker/MP-Users/Assets/MLA- Ahorrá con tu cuenta digital.mov
15_000_de_descuento,MLA,male,https://s3.us-east-2.amazonaws.com/meli-ai.filmmaker/MP-Users/MLA_NEW/84_15_000_de_descuento-MLA-male/84_15_000_de_descuento-MLA-male_scene_1_lipsync.mp4,https://s3.us-east-2.amazonaws.com/meli-ai.filmmaker/MP-Users/MLA_NEW/84_15_000_de_descuento-MLA-male/84_15_000_de_descuento-MLA-male_scene_2_lipsync.mp4,https://s3.us-east-2.amazonaws.com/meli-ai.filmmaker/MP-Users/MLA_NEW/84_15_000_de_descuento-MLA-male/84_15_000_de_descuento-MLA-male_scene_3_lipsync.mp4,https://drive.google.com/file/d/1Vwpt5eugGB_5HrvbDeskwDlPovMbG7y1/view?usp=drive_link,https://drive.google.com/file/d/1pbgRIAQfXZKDPPx76tbyyz4hKBmwDM-f/view?usp=sharing,s3://meli-ai.filmmaker/MP-Users/Assets/15K-DE-DESCUENTO-MLA.mov,s3://meli-ai.filmmaker/MP-Users/Assets/MLA- Ahorrá con tu cuenta digital.mov
cuotas_sin_tarjeta,MLA,male,https://s3.us-east-2.amazonaws.com/meli-ai.filmmaker/MP-Users/MLA_NEW/10_cuotas_sin_tarjeta-MLA-male/10_cuotas_sin_tarjeta-MLA-male_scene_1_lipsync.mp4,https://s3.us-east-2.amazonaws.com/meli-ai.filmmaker/MP-Users/MLA_NEW/10_cuotas_sin_tarjeta-MLA-male/10_cuotas_sin_tarjeta-MLA-male_scene_2_lipsync.mp4,https://s3.us-east-2.amazonaws.com/meli-ai.filmmaker/MP-Users/MLA_NEW/10_cuotas_sin_tarjeta-MLA-male/10_cuotas_sin_tarjeta-MLA-male_scene_3_lipsync.mp4,https://drive.google.com/file/d/1_h04GUEoSWJUdnog3Dv-KFRL9QAIOYhF/view?usp=drive_link,https://drive.google.com/file/d/1twT2tOIcaFT1_xFa041yhb0FZs93uaZ3/view?usp=sharing,s3://meli-ai.filmmaker/MP-Users/Assets/INGRESO-APP-MLA_v2.mov,s3://meli-ai.filmmaker/MP-Users/Assets/MLA - Pagá con Cuotas sin Tarjeta.mov
cuotas_sin_tarjeta,MLA,female,https://s3.us-east-2.amazonaws.com/meli-ai.filmmaker/MP-Users/MLA_NEW/37_cuotas_sin_tarjeta-MLA-female/37_cuotas_sin_tarjeta-MLA-female_scene_1_lipsync.mp4,https://s3.us-east-2.amazonaws.com/meli-ai.filmmaker/MP-Users/MLA_NEW/37_cuotas_sin_tarjeta-MLA-female/37_cuotas_sin_tarjeta-MLA-female_scene_2_lipsync.mp4,https://s3.us-east-2.amazonaws.com/meli-ai.filmmaker/MP-Users/MLA_NEW/37_cuotas_sin_tarjeta-MLA-female/37_cuotas_sin_tarjeta-MLA-female_scene_3_lipsync.mp4,https://drive.google.com/file/d/1_h04GUEoSWJUdnog3Dv-KFRL9QAIOYhF/view?usp=drive_link,https://drive.google.com/file/d/1twT2tOIcaFT1_xFa041yhb0FZs93uaZ3/view?usp=sharing,s3://meli-ai.filmmaker/MP-Users/Assets/INGRESO-APP-MLA_v2.mov,s3://meli-ai.filmmaker/MP-Users/Assets/MLA - Pagá con Cuotas sin Tarjeta.mov
cuotas_sin_tarjeta,MLA,male,https://s3.us-east-2.amazonaws.com/meli-ai.filmmaker/MP-Users/MLA_NEW/38_cuotas_sin_tarjeta-MLA-male/38_cuotas_sin_tarjeta-MLA-male_scene_1_lipsync.mp4,https://s3.us-east-2.amazonaws.com/meli-ai.filmmaker/MP-Users/MLA_NEW/38_cuotas_sin_tarjeta-MLA-male/38_cuotas_sin_tarjeta-MLA-male_scene_2_lipsync.mp4,https://s3.us-east-2.amazonaws.com/meli-ai.filmmaker/MP-Users/MLA_NEW/38_cuotas_sin_tarjeta-MLA-male/38_cuotas_sin_tarjeta-MLA-male_scene_3_lipsync.mp4,https://drive.google.com/file/d/1_h04GUEoSWJUdnog3Dv-KFRL9QAIOYhF/view?usp=drive_link,https://drive.google.com/file/d/1twT2tOIcaFT1_xFa041yhb0FZs93uaZ3/view?usp=sharing,s3://meli-ai.filmmaker/MP-Users/Assets/INGRESO-APP-MLA_v2.mov,s3://meli-ai.filmmaker/MP-Users/Assets/MLA - Pagá con Cuotas sin Tarjeta.mov
paga_tus_servicios,MLA,female,https://s3.us-east-2.amazonaws.com/meli-ai.filmmaker/MP-Users/MLA_NEW/31_paga_tus_servicios-MLA-female/31_paga_tus_servicios-MLA-female_scene_1_lipsync.mp4,https://s3.us-east-2.amazonaws.com/meli-ai.filmmaker/MP-Users/MLA_NEW/31_paga_tus_servicios-MLA-female/31_paga_tus_servicios-MLA-female_scene_2_lipsync.mp4,https://s3.us-east-2.amazonaws.com/meli-ai.filmmaker/MP-Users/MLA_NEW/31_paga_tus_servicios-MLA-female/31_paga_tus_servicios-MLA-female_scene_3_lipsync.mp4,https://drive.google.com/file/d/1_h04GUEoSWJUdnog3Dv-KFRL9QAIOYhF/view?usp=drive_link,https://drive.google.com/file/d/1Ws1XC-0AyvEdyZL5-yfUrzWITI2pMUSW/view?usp=sharing,s3://meli-ai.filmmaker/MP-Users/Assets/INGRESO-APP-MLA_v2.mov,s3://meli-ai.filmmaker/MP-Users/Assets/MLA - Pagá tus servicios ahora.mov
paga_tus_servicios,MLA,male,https://s3.us-east-2.amazonaws.com/meli-ai.filmmaker/MP-Users/MLA_NEW/32_paga_tus_servicios-MLA-male/32_paga_tus_servicios-MLA-male_scene_1_lipsync.mp4,https://s3.us-east-2.amazonaws.com/meli-ai.filmmaker/MP-Users/MLA_NEW/32_paga_tus_servicios-MLA-male/32_paga_tus_servicios-MLA-male_scene_2_lipsync.mp4,https://s3.us-east-2.amazonaws.com/meli-ai.filmmaker/MP-Users/MLA_NEW/32_paga_tus_servicios-MLA-male/32_paga_tus_servicios-MLA-male_scene_3_lipsync.mp4,https://drive.google.com/file/d/1_h04GUEoSWJUdnog3Dv-KFRL9QAIOYhF/view?usp=drive_link,https://drive.google.com/file/d/1Ws1XC-0AyvEdyZL5-yfUrzWITI2pMUSW/view?usp=sharing,s3://meli-ai.filmmaker/MP-Users/Assets/INGRESO-APP-MLA_v2.mov,s3://meli-ai.filmmaker/MP-Users/Assets/MLA - Pagá tus servicios ahora.mov
paga_tus_servicios,MLA,male,https://s3.us-east-2.amazonaws.com/meli-ai.filmmaker/MP-Users/MLA_NEW/3_paga_tus_servicios-MLA-male/3_paga_tus_servicios-MLA-male_scene_1_lipsync.mp4,https://s3.us-east-2.amazonaws.com/meli-ai.filmmaker/MP-Users/MLA_NEW/3_paga_tus_servicios-MLA-male/3_paga_tus_servicios-MLA-male_scene_2_lipsync.mp4,https://s3.us-east-2.amazonaws.com/meli-ai.filmmaker/MP-Users/MLA_NEW/3_paga_tus_servicios-MLA-male/3_paga_tus_servicios-MLA-male_scene_3_lipsync.mp4,https://drive.google.com/file/d/1_h04GUEoSWJUdnog3Dv-KFRL9QAIOYhF/view?usp=drive_link,https://drive.google.com/file/d/1Ws1XC-0AyvEdyZL5-yfUrzWITI2pMUSW/view?usp=sharing,s3://meli-ai.filmmaker/MP-Users/Assets/INGRESO-APP-MLA_v2.mov,s3://meli-ai.filmmaker/MP-Users/Assets/MLA - Pagá tus servicios ahora.mov
paga_tus_servicios,MLA,male,https://s3.us-east-2.amazonaws.com/meli-ai.filmmaker/MP-Users/MLA_NEW/58_paga_tus_servicios-MLA-male/58_paga_tus_servicios-MLA-male_scene_1_lipsync.mp4,https://s3.us-east-2.amazonaws.com/meli-ai.filmmaker/MP-Users/MLA_NEW/58_paga_tus_servicios-MLA-male/58_paga_tus_servicios-MLA-male_scene_2_lipsync.mp4,https://s3.us-east-2.amazonaws.com/meli-ai.filmmaker/MP-Users/MLA_NEW/58_paga_tus_servicios-MLA-male/58_paga_tus_servicios-MLA-male_scene_3_lipsync.mp4,https://drive.google.com/file/d/1_h04GUEoSWJUdnog3Dv-KFRL9QAIOYhF/view?usp=drive_link,https://drive.google.com/file/d/1Ws1XC-0AyvEdyZL5-yfUrzWITI2pMUSW/view?usp=sharing,s3://meli-ai.filmmaker/MP-Users/Assets/INGRESO-APP-MLA_v2.mov,s3://meli-ai.filmmaker/MP-Users/Assets/MLA - Pagá tus servicios ahora.mov
paga_tus_servicios,MLA,female,https://s3.us-east-2.amazonaws.com/meli-ai.filmmaker/MP-Users/MLA_NEW/61_paga_tus_servicios-MLA-female/61_paga_tus_servicios-MLA-female_scene_1_lipsync.mp4,https://s3.us-east-2.amazonaws.com/meli-ai.filmmaker/MP-Users/MLA_NEW/61_paga_tus_servicios-MLA-female/61_paga_tus_servicios-MLA-female_scene_2_lipsync.mp4,https://s3.us-east-2.amazonaws.com/meli-ai.filmmaker/MP-Users/MLA_NEW/61_paga_tus_servicios-MLA-female/61_paga_tus_servicios-MLA-female_scene_3_lipsync.mp4,https://drive.google.com/file/d/1_h04GUEoSWJUdnog3Dv-KFRL9QAIOYhF/view?usp=drive_link,https://drive.google.com/file/d/1Ws1XC-0AyvEdyZL5-yfUrzWITI2pMUSW/view?usp=sharing,s3://meli-ai.filmmaker/MP-Users/Assets/INGRESO-APP-MLA_v2.mov,s3://meli-ai.filmmaker/MP-Users/Assets/MLA - Pagá tus servicios ahora.mov
paga_tus_servicios,MLA,male,https://s3.us-east-2.amazonaws.com/meli-ai.filmmaker/MP-Users/MLA_NEW/62_paga_tus_servicios-MLA-male/62_paga_tus_servicios-MLA-male_scene_1_lipsync.mp4,https://s3.us-east-2.amazonaws.com/meli-ai.filmmaker/MP-Users/MLA_NEW/62_paga_tus_servicios-MLA-male/62_paga_tus_servicios-MLA-male_scene_2_lipsync.mp4,https://s3.us-east-2.amazonaws.com/meli-ai.filmmaker/MP-Users/MLA_NEW/62_paga_tus_servicios-MLA-male/62_paga_tus_servicios-MLA-male_scene_3_lipsync.mp4,https://drive.google.com/file/d/1_h04GUEoSWJUdnog3Dv-KFRL9QAIOYhF/view?usp=drive_link,https://drive.google.com/file/d/1Ws1XC-0AyvEdyZL5-yfUrzWITI2pMUSW/view?usp=sharing,s3://meli-ai.filmmaker/MP-Users/Assets/INGRESO-APP-MLA_v2.mov,s3://meli-ai.filmmaker/MP-Users/Assets/MLA - Pagá tus servicios ahora.mov
paga_tus_servicios,MLA,female,https://s3.us-east-2.amazonaws.com/meli-ai.filmmaker/MP-Users/MLA_NEW/63_paga_tus_servicios-MLA-female/63_paga_tus_servicios-MLA-female_scene_1_lipsync.mp4,https://s3.us-east-2.amazonaws.com/meli-ai.filmmaker/MP-Users/MLA_NEW/63_paga_tus_servicios-MLA-female/63_paga_tus_servicios-MLA-female_scene_2_lipsync.mp4,https://s3.us-east-2.amazonaws.com/meli-ai.filmmaker/MP-Users/MLA_NEW/63_paga_tus_servicios-MLA-female/63_paga_tus_servicios-MLA-female_scene_3_lipsync.mp4,https://drive.google.com/file/d/1_h04GUEoSWJUdnog3Dv-KFRL9QAIOYhF/view?usp=drive_link,https://drive.google.com/file/d/1Ws1XC-0AyvEdyZL5-yfUrzWITI2pMUSW/view?usp=sharing,s3://meli-ai.filmmaker/MP-Users/Assets/INGRESO-APP-MLA_v2.mov,s3://meli-ai.filmmaker/MP-Users/Assets/MLA - Pagá tus servicios ahora.mov
paga_tus_servicios,MLA,female,https://s3.us-east-2.amazonaws.com/meli-ai.filmmaker/MP-Users/MLA_NEW/64_paga_tus_servicios-MLA-female/64_paga_tus_servicios-MLA-female_scene_1_lipsync.mp4,https://s3.us-east-2.amazonaws.com/meli-ai.filmmaker/MP-Users/MLA_NEW/64_paga_tus_servicios-MLA-female/64_paga_tus_servicios-MLA-female_scene_2_lipsync.mp4,https://s3.us-east-2.amazonaws.com/meli-ai.filmmaker/MP-Users/MLA_NEW/64_paga_tus_servicios-MLA-female/64_paga_tus_servicios-MLA-female_scene_3_lipsync.mp4,https://drive.google.com/file/d/1_h04GUEoSWJUdnog3Dv-KFRL9QAIOYhF/view?usp=drive_link,https://drive.google.com/file/d/1Ws1XC-0AyvEdyZL5-yfUrzWITI2pMUSW/view?usp=sharing,s3://meli-ai.filmmaker/MP-Users/Assets/INGRESO-APP-MLA_v2.mov,s3://meli-ai.filmmaker/MP-Users/Assets/MLA - Pagá tus servicios ahora.mov
paga_tus_servicios,MLA,male,https://s3.us-east-2.amazonaws.com/meli-ai.filmmaker/MP-Users/MLA_NEW/65_paga_tus_servicios-MLA-male/65_paga_tus_servicios-MLA-male_scene_1_lipsync.mp4,https://s3.us-east-2.amazonaws.com/meli-ai.filmmaker/MP-Users/MLA_NEW/65_paga_tus_servicios-MLA-male/65_paga_tus_servicios-MLA-male_scene_2_lipsync.mp4,https://s3.us-east-2.amazonaws.com/meli-ai.filmmaker/MP-Users/MLA_NEW/65_paga_tus_servicios-MLA-male/65_paga_tus_servicios-MLA-male_scene_3_lipsync.mp4,https://drive.google.com/file/d/1_h04GUEoSWJUdnog3Dv-KFRL9QAIOYhF/view?usp=drive_link,https://drive.google.com/file/d/1Ws1XC-0AyvEdyZL5-yfUrzWITI2pMUSW/view?usp=sharing,s3://meli-ai.filmmaker/MP-Users/Assets/INGRESO-APP-MLA_v2.mov,s3://meli-ai.filmmaker/MP-Users/Assets/MLA - Pagá tus servicios ahora.mov
paga_tus_servicios,MLA,male,https://s3.us-east-2.amazonaws.com/meli-ai.filmmaker/MP-Users/MLA_NEW/66_paga_tus_servicios-MLA-male/66_paga_tus_servicios-MLA-male_scene_1_lipsync.mp4,https://s3.us-east-2.amazonaws.com/meli-ai.filmmaker/MP-Users/MLA_NEW/66_paga_tus_servicios-MLA-male/66_paga_tus_servicios-MLA-male_scene_2_lipsync.mp4,https://s3.us-east-2.amazonaws.com/meli-ai.filmmaker/MP-Users/MLA_NEW/66_paga_tus_servicios-MLA-male/66_paga_tus_servicios-MLA-male_scene_3_lipsync.mp4,https://drive.google.com/file/d/1_h04GUEoSWJUdnog3Dv-KFRL9QAIOYhF/view?usp=drive_link,https://drive.google.com/file/d/1Ws1XC-0AyvEdyZL5-yfUrzWITI2pMUSW/view?usp=sharing,s3://meli-ai.filmmaker/MP-Users/Assets/INGRESO-APP-MLA_v2.mov,s3://meli-ai.filmmaker/MP-Users/Assets/MLA - Pagá tus servicios ahora.mov
paga_tus_servicios,MLA,female,https://s3.us-east-2.amazonaws.com/meli-ai.filmmaker/MP-Users/MLA_NEW/67_paga_tus_servicios-MLA-female/67_paga_tus_servicios-MLA-female_scene_1_lipsync.mp4,https://s3.us-east-2.amazonaws.com/meli-ai.filmmaker/MP-Users/MLA_NEW/67_paga_tus_servicios-MLA-female/67_paga_tus_servicios-MLA-female_scene_2_lipsync.mp4,https://s3.us-east-2.amazonaws.com/meli-ai.filmmaker/MP-Users/MLA_NEW/67_paga_tus_servicios-MLA-female/67_paga_tus_servicios-MLA-female_scene_3_lipsync.mp4,https://drive.google.com/file/d/1_h04GUEoSWJUdnog3Dv-KFRL9QAIOYhF/view?usp=drive_link,https://drive.google.com/file/d/1Ws1XC-0AyvEdyZL5-yfUrzWITI2pMUSW/view?usp=sharing,s3://meli-ai.filmmaker/MP-Users/Assets/INGRESO-APP-MLA_v2.mov,s3://meli-ai.filmmaker/MP-Users/Assets/MLA - Pagá tus servicios ahora.mov
prestamo_personal,MLA,male,https://s3.us-east-2.amazonaws.com/meli-ai.filmmaker/MP-Users/MLA_NEW/11_prestamo_personal-MLA-male/11_prestamo_personal-MLA-male_scene_1_lipsync.mp4,https://s3.us-east-2.amazonaws.com/meli-ai.filmmaker/MP-Users/MLA_NEW/11_prestamo_personal-MLA-male/11_prestamo_personal-MLA-male_scene_2_lipsync.mp4,https://s3.us-east-2.amazonaws.com/meli-ai.filmmaker/MP-Users/MLA_NEW/11_prestamo_personal-MLA-male/11_prestamo_personal-MLA-male_scene_3_lipsync.mp4,https://drive.google.com/file/d/1_h04GUEoSWJUdnog3Dv-KFRL9QAIOYhF/view?usp=drive_link,https://drive.google.com/file/d/1TNAu48Ud1d2i1EnKDwIX7gd5m2IQxw8-/view?usp=sharing,s3://meli-ai.filmmaker/MP-Users/Assets/INGRESO-APP-MLA_v2.mov,s3://meli-ai.filmmaker/MP-Users/Assets/MLA- Pedí tu Préstamo Personal.mov
prestamo_personal,MLA,female,https://s3.us-east-2.amazonaws.com/meli-ai.filmmaker/MP-Users/MLA_NEW/12_prestamo_personal-MLA-female/12_prestamo_personal-MLA-female_scene_1_lipsync.mp4,https://s3.us-east-2.amazonaws.com/meli-ai.filmmaker/MP-Users/MLA_NEW/12_prestamo_personal-MLA-female/12_prestamo_personal-MLA-female_scene_2_lipsync.mp4,https://s3.us-east-2.amazonaws.com/meli-ai.filmmaker/MP-Users/MLA_NEW/12_prestamo_personal-MLA-female/12_prestamo_personal-MLA-female_scene_3_lipsync.mp4,https://drive.google.com/file/d/1_h04GUEoSWJUdnog3Dv-KFRL9QAIOYhF/view?usp=drive_link,https://drive.google.com/file/d/1TNAu48Ud1d2i1EnKDwIX7gd5m2IQxw8-/view?usp=sharing,s3://meli-ai.filmmaker/MP-Users/Assets/INGRESO-APP-MLA_v2.mov,s3://meli-ai.filmmaker/MP-Users/Assets/MLA- Pedí tu Préstamo Personal.mov
prestamo_personal,MLA,female,https://s3.us-east-2.amazonaws.com/meli-ai.filmmaker/MP-Users/MLA_NEW/39_prestamo_personal-MLA-female/39_prestamo_personal-MLA-female_scene_1_lipsync.mp4,https://s3.us-east-2.amazonaws.com/meli-ai.filmmaker/MP-Users/MLA_NEW/39_prestamo_personal-MLA-female/39_prestamo_personal-MLA-female_scene_2_lipsync.mp4,https://s3.us-east-2.amazonaws.com/meli-ai.filmmaker/MP-Users/MLA_NEW/39_prestamo_personal-MLA-female/39_prestamo_personal-MLA-female_scene_3_lipsync.mp4,https://drive.google.com/file/d/1_h04GUEoSWJUdnog3Dv-KFRL9QAIOYhF/view?usp=drive_link,https://drive.google.com/file/d/1TNAu48Ud1d2i1EnKDwIX7gd5m2IQxw8-/view?usp=sharing,s3://meli-ai.filmmaker/MP-Users/Assets/INGRESO-APP-MLA_v2.mov,s3://meli-ai.filmmaker/MP-Users/Assets/MLA- Pedí tu Préstamo Personal.mov
prestamo_personal,MLA,male,https://s3.us-east-2.amazonaws.com/meli-ai.filmmaker/MP-Users/MLA_NEW/40_prestamo_personal-MLA-male/40_prestamo_personal-MLA-male_scene_1_lipsync.mp4,https://s3.us-east-2.amazonaws.com/meli-ai.filmmaker/MP-Users/MLA_NEW/40_prestamo_personal-MLA-male/40_prestamo_personal-MLA-male_scene_2_lipsync.mp4,https://s3.us-east-2.amazonaws.com/meli-ai.filmmaker/MP-Users/MLA_NEW/40_prestamo_personal-MLA-male/40_prestamo_personal-MLA-male_scene_3_lipsync.mp4,https://drive.google.com/file/d/1_h04GUEoSWJUdnog3Dv-KFRL9QAIOYhF/view?usp=drive_link,https://drive.google.com/file/d/1TNAu48Ud1d2i1EnKDwIX7gd5m2IQxw8-/view?usp=sharing,s3://meli-ai.filmmaker/MP-Users/Assets/INGRESO-APP-MLA_v2.mov,s3://meli-ai.filmmaker/MP-Users/Assets/MLA- Pedí tu Préstamo Personal.mov
rendimientos,MLA,female,https://s3.us-east-2.amazonaws.com/meli-ai.filmmaker/MP-Users/MLA_NEW/33_rendimientos-MLA-female/33_rendimientos-MLA-female_scene_1_lipsync.mp4,https://s3.us-east-2.amazonaws.com/meli-ai.filmmaker/MP-Users/MLA_NEW/33_rendimientos-MLA-female/33_rendimientos-MLA-female_scene_2_lipsync.mp4,https://s3.us-east-2.amazonaws.com/meli-ai.filmmaker/MP-Users/MLA_NEW/33_rendimientos-MLA-female/33_rendimientos-MLA-female_scene_3_lipsync.mp4,https://drive.google.com/file/d/1_LyU_XVrCD2fMdNMIpTDX2N3wE2Zebpo/view?usp=drive_link,https://drive.google.com/file/d/1ll6z3KvG8cN7p0-5IfQsTgBCQz4xhCVF/view?usp=drive_link,s3://meli-ai.filmmaker/MP-Users/Assets/RENTABILIDAD-MLA.mov,s3://meli-ai.filmmaker/MP-Users/Assets/MLA- Activá tus rendimientos.mov
rendimientos,MLA,male,https://s3.us-east-2.amazonaws.com/meli-ai.filmmaker/MP-Users/MLA_NEW/34_rendimientos-MLA-male/34_rendimientos-MLA-male_scene_1_lipsync.mp4,https://s3.us-east-2.amazonaws.com/meli-ai.filmmaker/MP-Users/MLA_NEW/34_rendimientos-MLA-male/34_rendimientos-MLA-male_scene_2_lipsync.mp4,https://s3.us-east-2.amazonaws.com/meli-ai.filmmaker/MP-Users/MLA_NEW/34_rendimientos-MLA-male/34_rendimientos-MLA-male_scene_3_lipsync.mp4,https://drive.google.com/file/d/1_LyU_XVrCD2fMdNMIpTDX2N3wE2Zebpo/view?usp=drive_link,https://drive.google.com/file/d/1ll6z3KvG8cN7p0-5IfQsTgBCQz4xhCVF/view?usp=drive_link,s3://meli-ai.filmmaker/MP-Users/Assets/RENTABILIDAD-MLA.mov,s3://meli-ai.filmmaker/MP-Users/Assets/MLA- Activá tus rendimientos.mov
rendimientos,MLA,female,https://s3.us-east-2.amazonaws.com/meli-ai.filmmaker/MP-Users/MLA_NEW/5_rendimientos-MLA-female/5_rendimientos-MLA-female_scene_1_lipsync.mp4,https://s3.us-east-2.amazonaws.com/meli-ai.filmmaker/MP-Users/MLA_NEW/5_rendimientos-MLA-female/5_rendimientos-MLA-female_scene_2_lipsync.mp4,https://s3.us-east-2.amazonaws.com/meli-ai.filmmaker/MP-Users/MLA_NEW/5_rendimientos-MLA-female/5_rendimientos-MLA-female_scene_3_lipsync.mp4,https://drive.google.com/file/d/1_LyU_XVrCD2fMdNMIpTDX2N3wE2Zebpo/view?usp=drive_link,https://drive.google.com/file/d/1ll6z3KvG8cN7p0-5IfQsTgBCQz4xhCVF/view?usp=drive_link,s3://meli-ai.filmmaker/MP-Users/Assets/RENTABILIDAD-MLA.mov,s3://meli-ai.filmmaker/MP-Users/Assets/MLA- Activá tus rendimientos.mov
rendimientos,MLA,female,https://s3.us-east-2.amazonaws.com/meli-ai.filmmaker/MP-Users/MLA_NEW/68_rendimientos-MLA-female/68_rendimientos-MLA-female_scene_1_lipsync.mp4,https://s3.us-east-2.amazonaws.com/meli-ai.filmmaker/MP-Users/MLA_NEW/68_rendimientos-MLA-female/68_rendimientos-MLA-female_scene_2_lipsync.mp4,https://s3.us-east-2.amazonaws.com/meli-ai.filmmaker/MP-Users/MLA_NEW/68_rendimientos-MLA-female/68_rendimientos-MLA-female_scene_3_lipsync.mp4,https://drive.google.com/file/d/1_LyU_XVrCD2fMdNMIpTDX2N3wE2Zebpo/view?usp=drive_link,https://drive.google.com/file/d/1ll6z3KvG8cN7p0-5IfQsTgBCQz4xhCVF/view?usp=drive_link,s3://meli-ai.filmmaker/MP-Users/Assets/RENTABILIDAD-MLA.mov,s3://meli-ai.filmmaker/MP-Users/Assets/MLA- Activá tus rendimientos.mov
rendimientos,MLA,female,https://s3.us-east-2.amazonaws.com/meli-ai.filmmaker/MP-Users/MLA_NEW/69_rendimientos-MLA-female/69_rendimientos-MLA-female_scene_1_lipsync.mp4,https://s3.us-east-2.amazonaws.com/meli-ai.filmmaker/MP-Users/MLA_NEW/69_rendimientos-MLA-female/69_rendimientos-MLA-female_scene_2_lipsync.mp4,https://s3.us-east-2.amazonaws.com/meli-ai.filmmaker/MP-Users/MLA_NEW/69_rendimientos-MLA-female/69_rendimientos-MLA-female_scene_3_lipsync.mp4,https://drive.google.com/file/d/1_LyU_XVrCD2fMdNMIpTDX2N3wE2Zebpo/view?usp=drive_link,https://drive.google.com/file/d/1ll6z3KvG8cN7p0-5IfQsTgBCQz4xhCVF/view?usp=drive_link,s3://meli-ai.filmmaker/MP-Users/Assets/RENTABILIDAD-MLA.mov,s3://meli-ai.filmmaker/MP-Users/Assets/MLA- Activá tus rendimientos.mov
rendimientos,MLA,male,https://s3.us-east-2.amazonaws.com/meli-ai.filmmaker/MP-Users/MLA_NEW/6_rendimientos-MLA-male/6_rendimientos-MLA-male_scene_1_lipsync.mp4,https://s3.us-east-2.amazonaws.com/meli-ai.filmmaker/MP-Users/MLA_NEW/6_rendimientos-MLA-male/6_rendimientos-MLA-male_scene_2_lipsync.mp4,https://s3.us-east-2.amazonaws.com/meli-ai.filmmaker/MP-Users/MLA_NEW/6_rendimientos-MLA-male/6_rendimientos-MLA-male_scene_3_lipsync.mp4,https://drive.google.com/file/d/1_LyU_XVrCD2fMdNMIpTDX2N3wE2Zebpo/view?usp=drive_link,https://drive.google.com/file/d/1ll6z3KvG8cN7p0-5IfQsTgBCQz4xhCVF/view?usp=drive_link,s3://meli-ai.filmmaker/MP-Users/Assets/RENTABILIDAD-MLA.mov,s3://meli-ai.filmmaker/MP-Users/Assets/MLA- Activá tus rendimientos.mov
rendimientos,MLA,male,https://s3.us-east-2.amazonaws.com/meli-ai.filmmaker/MP-Users/MLA_NEW/72_rendimientos-MLA-male/72_rendimientos-MLA-male_scene_1_lipsync.mp4,https://s3.us-east-2.amazonaws.com/meli-ai.filmmaker/MP-Users/MLA_NEW/72_rendimientos-MLA-male/72_rendimientos-MLA-male_scene_2_lipsync.mp4,https://s3.us-east-2.amazonaws.com/meli-ai.filmmaker/MP-Users/MLA_NEW/72_rendimientos-MLA-male/72_rendimientos-MLA-male_scene_3_lipsync.mp4,https://drive.google.com/file/d/1_LyU_XVrCD2fMdNMIpTDX2N3wE2Zebpo/view?usp=drive_link,https://drive.google.com/file/d/1ll6z3KvG8cN7p0-5IfQsTgBCQz4xhCVF/view?usp=drive_link,s3://meli-ai.filmmaker/MP-Users/Assets/RENTABILIDAD-MLA.mov,s3://meli-ai.filmmaker/MP-Users/Assets/MLA- Activá tus rendimientos.mov
rendimientos,MLA,female,https://s3.us-east-2.amazonaws.com/meli-ai.filmmaker/MP-Users/MLA_NEW/73_rendimientos-MLA-female/73_rendimientos-MLA-female_scene_1_lipsync.mp4,https://s3.us-east-2.amazonaws.com/meli-ai.filmmaker/MP-Users/MLA_NEW/73_rendimientos-MLA-female/73_rendimientos-MLA-female_scene_2_lipsync.mp4,https://s3.us-east-2.amazonaws.com/meli-ai.filmmaker/MP-Users/MLA_NEW/73_rendimientos-MLA-female/73_rendimientos-MLA-female_scene_3_lipsync.mp4,https://drive.google.com/file/d/1_LyU_XVrCD2fMdNMIpTDX2N3wE2Zebpo/view?usp=drive_link,https://drive.google.com/file/d/1ll6z3KvG8cN7p0-5IfQsTgBCQz4xhCVF/view?usp=drive_link,s3://meli-ai.filmmaker/MP-Users/Assets/RENTABILIDAD-MLA.mov,s3://meli-ai.filmmaker/MP-Users/Assets/MLA- Activá tus rendimientos.mov
tarjeta_prepaga,MLA,female,https://s3.us-east-2.amazonaws.com/meli-ai.filmmaker/MP-Users/MLA_NEW/1_tarjeta_prepaga-MLA-female/1_tarjeta_prepaga-MLA-female_scene_1_lipsync.mp4,https://s3.us-east-2.amazonaws.com/meli-ai.filmmaker/MP-Users/MLA_NEW/1_tarjeta_prepaga-MLA-female/1_tarjeta_prepaga-MLA-female_scene_2_lipsync.mp4,https://s3.us-east-2.amazonaws.com/meli-ai.filmmaker/MP-Users/MLA_NEW/1_tarjeta_prepaga-MLA-female/1_tarjeta_prepaga-MLA-female_scene_3_lipsync.mp4,TARJETA-PREPAGA-MLA.mp4,https://drive.google.com/file/d/17Jg9Bh5P7FATYVb9qdGgrXOiY3bwUIWd/view?usp=drive_link,s3://meli-ai.filmmaker/MP-Users/Assets/TARJETA-PREPAGA-MLA.mp4,s3://meli-ai.filmmaker/MP-Users/Assets/MLA- Pedí tu Tarjeta Prepaga.mov
tarjeta_prepaga,MLA,male,https://s3.us-east-2.amazonaws.com/meli-ai.filmmaker/MP-Users/MLA_NEW/1_tarjeta_prepaga_de_mercado_pago-MLA-male/1_tarjeta_prepaga_de_mercado_pago-MLA-male_scene_1_lipsync.mp4,https://s3.us-east-2.amazonaws.com/meli-ai.filmmaker/MP-Users/MLA_NEW/1_tarjeta_prepaga_de_mercado_pago-MLA-male/1_tarjeta_prepaga_de_mercado_pago-MLA-male_scene_2_lipsync.mp4,https://s3.us-east-2.amazonaws.com/meli-ai.filmmaker/MP-Users/MLA_NEW/1_tarjeta_prepaga_de_mercado_pago-MLA-male/1_tarjeta_prepaga_de_mercado_pago-MLA-male_scene_3_lipsync.mp4,TARJETA-PREPAGA-MLA.mp4,https://drive.google.com/file/d/17Jg9Bh5P7FATYVb9qdGgrXOiY3bwUIWd/view?usp=drive_link,s3://meli-ai.filmmaker/MP-Users/Assets/TARJETA-PREPAGA-MLA.mp4,s3://meli-ai.filmmaker/MP-Users/Assets/MLA- Pedí tu Tarjeta Prepaga.mov
tarjeta_prepaga,MLA,male,https://s3.us-east-2.amazonaws.com/meli-ai.filmmaker/MP-Users/MLA_NEW/29_tarjeta_prepaga-MLA-male/29_tarjeta_prepaga-MLA-male_scene_1_lipsync.mp4,https://s3.us-east-2.amazonaws.com/meli-ai.filmmaker/MP-Users/MLA_NEW/29_tarjeta_prepaga-MLA-male/29_tarjeta_prepaga-MLA-male_scene_2_lipsync.mp4,https://s3.us-east-2.amazonaws.com/meli-ai.filmmaker/MP-Users/MLA_NEW/29_tarjeta_prepaga-MLA-male/29_tarjeta_prepaga-MLA-male_scene_3_lipsync.mp4,TARJETA-PREPAGA-MLA.mp4,https://drive.google.com/file/d/17Jg9Bh5P7FATYVb9qdGgrXOiY3bwUIWd/view?usp=drive_link,s3://meli-ai.filmmaker/MP-Users/Assets/TARJETA-PREPAGA-MLA.mp4,s3://meli-ai.filmmaker/MP-Users/Assets/MLA- Pedí tu Tarjeta Prepaga.mov
tarjeta_prepaga,MLA,male,https://s3.us-east-2.amazonaws.com/meli-ai.filmmaker/MP-Users/MLA_NEW/2_tarjeta_prepaga-MLA-male/2_tarjeta_prepaga-MLA-male_scene_1_lipsync.mp4,https://s3.us-east-2.amazonaws.com/meli-ai.filmmaker/MP-Users/MLA_NEW/2_tarjeta_prepaga-MLA-male/2_tarjeta_prepaga-MLA-male_scene_2_lipsync.mp4,https://s3.us-east-2.amazonaws.com/meli-ai.filmmaker/MP-Users/MLA_NEW/2_tarjeta_prepaga-MLA-male/2_tarjeta_prepaga-MLA-male_scene_3_lipsync.mp4,TARJETA-PREPAGA-MLA.mp4,https://drive.google.com/file/d/17Jg9Bh5P7FATYVb9qdGgrXOiY3bwUIWd/view?usp=drive_link,s3://meli-ai.filmmaker/MP-Users/Assets/TARJETA-PREPAGA-MLA.mp4,s3://meli-ai.filmmaker/MP-Users/Assets/MLA- Pedí tu Tarjeta Prepaga.mov
tarjeta_prepaga,MLA,female,https://s3.us-east-2.amazonaws.com/meli-ai.filmmaker/MP-Users/MLA_NEW/41_tarjeta_prepaga-MLA-female/41_tarjeta_prepaga-MLA-female_scene_1_lipsync.mp4,https://s3.us-east-2.amazonaws.com/meli-ai.filmmaker/MP-Users/MLA_NEW/41_tarjeta_prepaga-MLA-female/41_tarjeta_prepaga-MLA-female_scene_2_lipsync.mp4,https://s3.us-east-2.amazonaws.com/meli-ai.filmmaker/MP-Users/MLA_NEW/41_tarjeta_prepaga-MLA-female/41_tarjeta_prepaga-MLA-female_scene_3_lipsync.mp4,TARJETA-PREPAGA-MLA.mp4,https://drive.google.com/file/d/17Jg9Bh5P7FATYVb9qdGgrXOiY3bwUIWd/view?usp=drive_link,s3://meli-ai.filmmaker/MP-Users/Assets/TARJETA-PREPAGA-MLA.mp4,s3://meli-ai.filmmaker/MP-Users/Assets/MLA- Pedí tu Tarjeta Prepaga.mov
tarjeta_prepaga,MLA,male,https://s3.us-east-2.amazonaws.com/meli-ai.filmmaker/MP-Users/MLA_NEW/42_tarjeta_prepaga-MLA-male/42_tarjeta_prepaga-MLA-male_scene_1_lipsync.mp4,https://s3.us-east-2.amazonaws.com/meli-ai.filmmaker/MP-Users/MLA_NEW/42_tarjeta_prepaga-MLA-male/42_tarjeta_prepaga-MLA-male_scene_2_lipsync.mp4,https://s3.us-east-2.amazonaws.com/meli-ai.filmmaker/MP-Users/MLA_NEW/42_tarjeta_prepaga-MLA-male/42_tarjeta_prepaga-MLA-male_scene_3_lipsync.mp4,TARJETA-PREPAGA-MLA.mp4,https://drive.google.com/file/d/17Jg9Bh5P7FATYVb9qdGgrXOiY3bwUIWd/view?usp=drive_link,s3://meli-ai.filmmaker/MP-Users/Assets/TARJETA-PREPAGA-MLA.mp4,s3://meli-ai.filmmaker/MP-Users/Assets/MLA- Pedí tu Tarjeta Prepaga.mov
tarjeta_prepaga,MLA,female,https://s3.us-east-2.amazonaws.com/meli-ai.filmmaker/MP-Users/MLA_NEW/43_tarjeta_prepaga-MLA-female/43_tarjeta_prepaga-MLA-female_scene_1_lipsync.mp4,https://s3.us-east-2.amazonaws.com/meli-ai.filmmaker/MP-Users/MLA_NEW/43_tarjeta_prepaga-MLA-female/43_tarjeta_prepaga-MLA-female_scene_2_lipsync.mp4,https://s3.us-east-2.amazonaws.com/meli-ai.filmmaker/MP-Users/MLA_NEW/43_tarjeta_prepaga-MLA-female/43_tarjeta_prepaga-MLA-female_scene_3_lipsync.mp4,TARJETA-PREPAGA-MLA.mp4,https://drive.google.com/file/d/17Jg9Bh5P7FATYVb9qdGgrXOiY3bwUIWd/view?usp=drive_link,s3://meli-ai.filmmaker/MP-Users/Assets/TARJETA-PREPAGA-MLA.mp4,s3://meli-ai.filmmaker/MP-Users/Assets/MLA- Pedí tu Tarjeta Prepaga.mov
tarjeta_prepaga,MLA,male,https://s3.us-east-2.amazonaws.com/meli-ai.filmmaker/MP-Users/MLA_NEW/46_tarjeta_prepaga-MLA-male/46_tarjeta_prepaga-MLA-male_scene_1_lipsync.mp4,https://s3.us-east-2.amazonaws.com/meli-ai.filmmaker/MP-Users/MLA_NEW/46_tarjeta_prepaga-MLA-male/46_tarjeta_prepaga-MLA-male_scene_2_lipsync.mp4,https://s3.us-east-2.amazonaws.com/meli-ai.filmmaker/MP-Users/MLA_NEW/46_tarjeta_prepaga-MLA-male/46_tarjeta_prepaga-MLA-male_scene_3_lipsync.mp4,TARJETA-PREPAGA-MLA.mp4,https://drive.google.com/file/d/17Jg9Bh5P7FATYVb9qdGgrXOiY3bwUIWd/view?usp=drive_link,s3://meli-ai.filmmaker/MP-Users/Assets/TARJETA-PREPAGA-MLA.mp4,s3://meli-ai.filmmaker/MP-Users/Assets/MLA- Pedí tu Tarjeta Prepaga.mov
tarjeta_prepaga,MLA,female,https://s3.us-east-2.amazonaws.com/meli-ai.filmmaker/MP-Users/MLA_NEW/48_tarjeta_prepaga-MLA-female/48_tarjeta_prepaga-MLA-female_scene_1_lipsync.mp4,https://s3.us-east-2.amazonaws.com/meli-ai.filmmaker/MP-Users/MLA_NEW/48_tarjeta_prepaga-MLA-female/48_tarjeta_prepaga-MLA-female_scene_2_lipsync.mp4,https://s3.us-east-2.amazonaws.com/meli-ai.filmmaker/MP-Users/MLA_NEW/48_tarjeta_prepaga-MLA-female/48_tarjeta_prepaga-MLA-female_scene_3_lipsync.mp4,TARJETA-PREPAGA-MLA.mp4,https://drive.google.com/file/d/17Jg9Bh5P7FATYVb9qdGgrXOiY3bwUIWd/view?usp=drive_link,s3://meli-ai.filmmaker/MP-Users/Assets/TARJETA-PREPAGA-MLA.mp4,s3://meli-ai.filmmaker/MP-Users/Assets/MLA- Pedí tu Tarjeta Prepaga.mov
tarjeta_prepaga,MLA,male,https://s3.us-east-2.amazonaws.com/meli-ai.filmmaker/MP-Users/MLA_NEW/50_tarjeta_prepaga-MLA-male/50_tarjeta_prepaga-MLA-male_scene_1_lipsync.mp4,https://s3.us-east-2.amazonaws.com/meli-ai.filmmaker/MP-Users/MLA_NEW/50_tarjeta_prepaga-MLA-male/50_tarjeta_prepaga-MLA-male_scene_2_lipsync.mp4,https://s3.us-east-2.amazonaws.com/meli-ai.filmmaker/MP-Users/MLA_NEW/50_tarjeta_prepaga-MLA-male/50_tarjeta_prepaga-MLA-male_scene_3_lipsync.mp4,TARJETA-PREPAGA-MLA.mp4,https://drive.google.com/file/d/17Jg9Bh5P7FATYVb9qdGgrXOiY3bwUIWd/view?usp=drive_link,s3://meli-ai.filmmaker/MP-Users/Assets/TARJETA-PREPAGA-MLA.mp4,s3://meli-ai.filmmaker/MP-Users/Assets/MLA- Pedí tu Tarjeta Prepaga.mov
tarjeta_prepaga,MLA,female,https://s3.us-east-2.amazonaws.com/meli-ai.filmmaker/MP-Users/MLA_NEW/51_tarjeta_prepaga-MLA-female/51_tarjeta_prepaga-MLA-female_scene_1_lipsync.mp4,https://s3.us-east-2.amazonaws.com/meli-ai.filmmaker/MP-Users/MLA_NEW/51_tarjeta_prepaga-MLA-female/51_tarjeta_prepaga-MLA-female_scene_2_lipsync.mp4,https://s3.us-east-2.amazonaws.com/meli-ai.filmmaker/MP-Users/MLA_NEW/51_tarjeta_prepaga-MLA-female/51_tarjeta_prepaga-MLA-female_scene_3_lipsync.mp4,TARJETA-PREPAGA-MLA.mp4,https://drive.google.com/file/d/17Jg9Bh5P7FATYVb9qdGgrXOiY3bwUIWd/view?usp=drive_link,s3://meli-ai.filmmaker/MP-Users/Assets/TARJETA-PREPAGA-MLA.mp4,s3://meli-ai.filmmaker/MP-Users/Assets/MLA- Pedí tu Tarjeta Prepaga.mov
tarjeta_prepaga,MLA,male,https://s3.us-east-2.amazonaws.com/meli-ai.filmmaker/MP-Users/MLA_NEW/53_tarjeta_prepaga-MLA-male/53_tarjeta_prepaga-MLA-male_scene_1_lipsync.mp4,https://s3.us-east-2.amazonaws.com/meli-ai.filmmaker/MP-Users/MLA_NEW/53_tarjeta_prepaga-MLA-male/53_tarjeta_prepaga-MLA-male_scene_2_lipsync.mp4,https://s3.us-east-2.amazonaws.com/meli-ai.filmmaker/MP-Users/MLA_NEW/53_tarjeta_prepaga-MLA-male/53_tarjeta_prepaga-MLA-male_scene_3_lipsync.mp4,TARJETA-PREPAGA-MLA.mp4,https://drive.google.com/file/d/17Jg9Bh5P7FATYVb9qdGgrXOiY3bwUIWd/view?usp=drive_link,s3://meli-ai.filmmaker/MP-Users/Assets/TARJETA-PREPAGA-MLA.mp4,s3://meli-ai.filmmaker/MP-Users/Assets/MLA- Pedí tu Tarjeta Prepaga.mov
tarjeta_prepaga,MLA,female,https://s3.us-east-2.amazonaws.com/meli-ai.filmmaker/MP-Users/MLA_NEW/57_tarjeta_prepaga-MLA-female/57_tarjeta_prepaga-MLA-female_scene_1_lipsync.mp4,https://s3.us-east-2.amazonaws.com/meli-ai.filmmaker/MP-Users/MLA_NEW/57_tarjeta_prepaga-MLA-female/57_tarjeta_prepaga-MLA-female_scene_2_lipsync.mp4,https://s3.us-east-2.amazonaws.com/meli-ai.filmmaker/MP-Users/MLA_NEW/57_tarjeta_prepaga-MLA-female/57_tarjeta_prepaga-MLA-female_scene_3_lipsync.mp4,TARJETA-PREPAGA-MLA.mp4,https://drive.google.com/file/d/17Jg9Bh5P7FATYVb9qdGgrXOiY3bwUIWd/view?usp=drive_link,s3://meli-ai.filmmaker/MP-Users/Assets/TARJETA-PREPAGA-MLA.mp4,s3://meli-ai.filmmaker/MP-Users/Assets/MLA- Pedí tu Tarjeta Prepaga.mov